class,Source,Truth
中文学习者,如果独生的话，一到家就睡觉。,如果我一个人的话，一到家就可以睡觉。
中文学习者,我第一次结识的高中一年级时，我存了一个兼职工作，从60美元捐赠给他们的反捕鲸的绿色和平运动.,我第一次知道这个活动是在高中一年级时，我通过做兼职存了一些钱，捐赠了60美元给他们的反捕鲸的绿色和平运动。
中文学习者,现在终于夏天来临，所以好像城市醒起来的样子。,现在夏天终于来临了，所以好像城市醒了过来。
中文学习者,因为，这天我们走很多时间，所以很累了。,因为这天我们走了很长时间，所以我们很累。
中文学习者,看了我的样子后，同事惊得问我“你用这个号码多久呢？,看到了我的样子后，同事惊讶的问我“你用这个号码多久了？”
中文学习者,提别是我公司的文员们，他们背了很多人的手机号码。,特别是我们公司的文员们，他们背了很多人的电话号码。
中文学习者,"如果找到工作的话,我想住大连大约三个年。","如果找到工作的话,我想在大连住大约三年。"
中文学习者,一旦我们坐车进入城市，路上的小孩儿都指着我们大笑，因为我们两个外国人做着没有车门的车。,从我们坐车进入城市，路上的小孩儿都指着我们大笑，因为我们两个外国人坐着没有车门的车。
中文学习者,因为老家自己做生意的理由，或者通过学生时候的打工的经验感到工作的成就感，,因为在老家自己做生意，或者是学生时候的打工经验让我感受到了工作的成就感，
中文学习者,她是个中国人，出生于东北地方。,她是个中国人，出生在东北地区。
中文学习者,上周五在上海歌城有了公司的圣诞&amp;忘年会。,上周五在上海歌城有公司的圣诞&忘年会。
中文学习者,菜的种类不多，味道就期待以上）,菜的种类不多，味道就期待以上
中文学习者,在这有些演员做一个短小品。,"在这,有些演员做短小品。"
中文学习者,但是我们到宿舍得时候没有房间。,但是我们到酒店的时候没有房间了。
中文学习者,我不知道在哪儿有理发店所以我问一个小姐。,我不知道在哪儿有理发店所以我问了一个小姐。
中文学习者,"住了在哈尔滨,黑龙江哈尔滨,太冷!","住在哈尔滨,黑龙江哈尔滨,太冷了!"
中文学习者,我觉得理想的老师喜欢他的工作，他的学生。,我理想的老师喜欢他的工作，他的学生。
中文学习者,每天我学习在家，我做作业，写汉字，复习旧课词语。,每天我在家学习，做作业，写汉字，复习课上的词语。
中文学习者,每个天我听后读小文章在duChinese应用程式。,每天我在duChinese应用程式先听然后读小文章。
中文学习者,-我认识有些字文章里。,-我认识文章里一些字。
中文学习者,他做梦的时候他是一个太空人了。,他做梦梦到他是一个太空人。
中文学习者,他是4个月大时了，他从斯里兰卡来到瑞典。,他4个月大时，从斯里兰卡来到瑞典。
中文学习者,在星期日前我回大学，我们烤肉。,在我回大学前的那个星期日，我们家吃了烤肉。
中文学习者,由于这里我国家人不能得到签证，我也不能工作。,因为在这里我们国家的人没有签证，我也不能在这里工作。
中文学习者,尽管这些不好个事，我至少有时候能收到别人说的大意，就给别人回答一下。,尽管有这些不好的事，有时候我至少能听懂别人说的大意，就给别人回答一下。
中文学习者,我打算跟家人去那里吃饭，但是很糟糕的是，当我们到那里发现了餐厅已经破产很多时间，让我觉得很失望。,我打算跟家人去那里吃饭，但是很糟糕的是，当我们到那里发现了餐厅已经歇业很久，让我觉得很失望。
中文学习者,我们西弗吉尼亚人就能谈起北京，台北，香港，澳门，和成都。,我们西弗吉尼亚人就只知道北京、台北、香港、澳门和成都。
中文学习者,"明天我要具体地制定这个学期的学习计划，背单字，学习生化学，吃跟学姐雪花冰，约定跟Ading,",明天我要具体地制定这个学期的学习计划、背单词、学习生物化学、跟学姐吃雪花冰、跟Ading约会、
中文学习者,"据传说,不久前,十个轮流太阳旅行穿过天空。",据传说，很久以前，十个太阳轮流飞行穿过天空。
中文学习者,不过帝俊心烦意乱了，从天上驱逐后羿。,不过帝俊心烦意乱了，将后羿驱逐下凡。
中文学习者,新年到的时候，我开始学信汉语语法，词，和字。,新年到来的时候，我开始学习汉语的语法、词和字。
中文学习者,因为我的中文没有好，我还要努力学汉语。,因为我的中文不好，我还要努力学汉语。
中文学习者,我这样学习的过程中当然有时觉得我有进步，不过在外边走路的时候听着小孩子汉语说得那么流利，我却怀疑我的汉语水平。,我这样学习的过程中有时觉得我当然有进步，不过在外边走路的时候听到小孩子汉语说得那么流利，我却怀疑我的汉语水平了。
中文学习者,我们说外语时经常遇到的感情就是“害怕说错，害怕发音不准”什么的，怕被别人看不起的感情。,我们说外语时经常会有的感受就是“害怕说错，害怕发音不准”之类的，怕被别人看不起的感受。
中文学习者,感谢你让我高中最后一年愉快极了。,感谢你让我高中最后一年愉快极了。
中文学习者,而走在回家，开始下雨！,而且我们回家的路上开始下雨了！
中文学习者,我看窗户，路看起来不通。,我看了眼窗户外面，看起来路不通了。
中文学习者,因为塞车了，这靶台消防车（跟一台救护车）需要开了两三分钟才他们都通过的。,因为塞车了，这辆消防车（跟一辆救护车）需要开两三分钟后他们才能全部通过。
中文学习者,他走到我前面，可是他不看得到我。,她走到我前面，可是她看不到我。
中文学习者,一晃而过时间过得真快，快乐充满意义的一天停滞在2008.3.15，那充满着韧劲，男人味十足的杨，牢牢得给我留下深深的印记。,一晃而过时间过得真快，快乐充满意义的一天停滞在2008.3.15，那充满着韧劲，男人味十足的杨，给我留下了深深的印象。
中文学习者,因为我很忙写毕业论文。,因为我忙着写毕业论文。
中文学习者,我要看看很多真正的中国。,我要多看看真正的中国。
中文学习者,他们三次说了，然后辩解(explain?),他们说了三次，然后解释
中文学习者,这夏天放假，我计划学习中文，所以回大学时候，我的中文越来越好！,这个夏天放假，我计划学习中文，所以回大学时，我的中文就会越来越好！
中文学习者,我的朋友在去看我的家呢(isvisitingme?),我的朋友去我家看望我。
中文学习者,我问中文的老师如果她知道了中国他们能帮助我学习中文。,我问教中文的老师是否认识能帮助我学习中文的中国人。
中文学习者,啊呀，我不想睡觉，很晚。,啊呀，我不想睡觉，但是很晚了。
中文学习者,特别是在公开的场面，日本人不表达自己的意见、自己的心中。,特别是在公开的场面，日本人不表达自己的意见，只是藏在自己的心中。
中文学习者,这次不是书而电影，我赶紧下载后又看了。,这次不是书而是电影，我赶紧下载后又看了。
中文学习者,因前几天发生了地震而很多地方为了他们帮助的莫捐箱子。,因前几天发生了地震，因而很多地方为了帮助他们设立了募捐箱子。
中文学习者,"哈哈，我的中文的translation太不好，但是我的老师说，“It'sokay,it's","哈哈，我﻿的1﻿中文的﻿translation翻译2﻿太不好，但是我的老师说﻿，：3﻿“It'sokay,it's"
中文学习者,周六我的男朋友的展览会。,周六有我男朋友的展览会。
中文学习者,一个天坐了火车和公交车。,一天坐了火车和公交车。
中文学习者,除了我一外，别的人没有学日文。,除了我以外，别的人没有学过日文。
中文学习者,但我们来自农村的孩子有多少钱，可以供我们花销，我们都是想找一份现在能胜任的工作，不管是在店里刷碗也可以，但我都没找到，真的很郁闷。,但我们来自农村的孩子有多少钱可以供我们花销，我们都想找一份现在能胜任的工作，在店里刷碗也可以，但这我都没找到，真的很郁闷。
中文学习者,国中时我跳拿著灯笼或手绢的民俗舞。,我国中时跳过拿着灯笼或手绢的民俗舞。
中文学习者,我看到全部的文章写注音的报纸，这是对我好用的。,我看到全部的文章都写注音的报纸，这对我是好用的。
中文学习者,大会开始以前，我们又吃，又喝，又聊天儿，过得真愉快的时间。,大会开始以前，我们又吃，又喝，又聊天儿，过着真愉快的时间。
中文学习者,那部电影表演的田中千絵小姐是我的学生，以前教过她」,那部电影的表演者田中千絵小姐是我的学生，我以前教过她。”
中文学习者,我等了几天后用我这里的日记写什么。,我等了几天后在我这里的日记写什么。
中文学习者,我看许多李小龙的武打片后他给我留下了很深的印象。,我看过许多李小龙的武打片后他给我留下了很深的印象。
中文学习者,朋友说「鸡」这个字，用台语的话意思不一様。,朋友说“鸡”这个字，用台语说的话意思不一様。
中文学习者,医生把六根很大钢钉放进我的骨头中.,医生把六根很大的钢钉放进我的骨头中。
中文学习者,"全身好痛,大概一个星期都动不了...","全身好痛,大概一个星期都动不了。"
中文学习者,"虽然这是很旧的节目,但是我觉得这个节目又有意思又很红.","虽然这是很旧的电视剧,但是我觉得这部电视剧很有意思又很红。"
中文学习者,决定了是因为我住在美国的中部分（所以说汉语的不多啦）。,因为我住在美国的中部（所以汉语说的不多啦）。
中文学习者,当时他愿介绍他家人给我了。,当时他介绍他家人给我。
中文学习者,另外，他的家人都想知道我的名字是什么但好像为了他们，发音我的美国名字很麻烦的。,他的家人都想知道我的名字是什么。但好像他们发音我的美国名字很麻烦。的。
中文学习者,当时我的朋友说了‘’我们应该找你个比较简单的名字，因为你的美国名字听起来像老鼠，我们就叫你老鼠‘’我没有问题接受这样的名字。,当时我的朋友说“我们应该给你找个比较简单的名字，因为你的美国名字听起来像老鼠，我们就叫你老鼠”我没有意见，接受了这个名字。
中文学习者,我的专业就是中文但除了中文以外我也学许多的语言。,我的专业就是中文。但除了中文以外，我也学许多其他的语言。
中文学习者,今晚我做完了我两门在线的课！,今晚我学完了两门在线的课程！
中文学习者,我在中国时有不少次有人问我关于北京的奥运有什么看法，更正确的说，我们外国人有什么看法（有几次还有人记录我说话！）,在中国时，有不少次有人问我关于北京的奥运有什么看法，更准确的说，我们外国人有什么看法（有几次还有人记录我说的话！）
中文学习者,最开始，我对这样的问题有点儿不习惯，不知道应该说什么，但以后我就习惯了，我觉得跟打个招呼有很多相同的地方；其实对方并不想知道你对某些话题的一切，你就说一“中国加油”，或者“我祝北京奥运会成功”等类似的口号就好了。,最开始，我对这样的问题有点儿不习惯，不知道应该说什么，但后来我就习惯了，我觉得跟打招呼有很多相同的地方；其实对方并不想知道你对某些话题的一切，你就说“中国加油”，或者“祝北京奥运会成功举办”等类似的口号就好了。
中文学习者,"女性的幸福是做家庭主妇,还有想工作也没有条件和环境。","女性的幸福是做家庭主妇,即使想工作也没有条件和环境。"
中文学习者,但有一个问题我男朋友太会吃醋既夸张又占有欲强的。,但有一个问题就是：我男朋友太容易吃醋，既夸张又占有欲很强。
中文学习者,对我来说，我还是年轻人还又时间可以好好出去比如去酒吧，club，跟朋友出去完。,对我来说，我还是年轻人还有时间可以好好出去比如去酒吧，俱乐部，跟朋友出去玩。
中文学习者,花儿为树招徕人们的眼光。,花儿为树招徕人们的目光。
中文学习者,在热的夏天里，它的声音会带来更加的烦热。,在炎热的夏天里，它的声音会让人更加得烦热。
中文学习者,我知道了极好的歌，唱季娜现在出家释昌圣这个名，,我知道了极好听的歌，唱季娜现在出家释昌圣这个名，
中文学习者,在中国有名歌手现在进入了佛门持续唱。,在中国有名的歌手现在进入了佛门继续唱。
中文学习者,"天气也晴,好舒服～^^","天气也晴朗,很舒服。"
中文学习者,着模型是跟普通的模型不一样，非常巨大，好像在卡通里的这正的高达。,这个模型是跟普通的模型不一样，非常巨大，很像卡通里的真正的高达。
中文学习者,她找找记忆来开始写，写一行就问我“19日我干嘛呀？”,她凭着记忆开始写，写一行就问我“19日我干嘛了呀？”
中文学习者,在这个食用油的瓶子上写“对身体有好处”、“不太摄取脂肪”等的句子，而且花王公司是很大的化学公司，因此我妈妈对它们的相信度是非常高的。,在这个牌子的食用油瓶子上写了“对身体有好处”、“不摄取额外脂肪”等的句子，而且花王公司是大型的化学公司，因此我妈妈对它的信任度非常高。
中文学习者,"当然现在这是笑话,土楼是客家人的住房还有很好的观光地方。",当然现在这听起来是个笑话。土楼是客家人的住房，还是很好的观光地方。
中文学习者,"他门,哪儿修盖是相似城寨很大圆形或者四方形的三楼的住宅。","他们,在那儿修建了类似城寨的、圆形的或者四方形的三层住宅。"
中文学习者,所以孩子们轻轻松松地浏览，然后或者参加游戏，或者买食品而吃，或者看舞台上的发表，都可以。,所以孩子们轻轻松松地参观，或者参加游戏，或者买零食吃，或者看舞台上的表演，都可以。
中文学习者,我的亲朋好友常常告诉我他们在工作有很多的好玩儿的经验。,我的亲朋好友常常告诉我他们工作中很多好玩儿的事情。
中文学习者,这几天没学习得多少，大多时间都睡觉或吃盒去玩儿。,这几天没学习多少，大多时间都在睡觉或吃喝去玩儿了。
中文学习者,我开始中文课的时候，我曾经认为中国歌没什么意思的东西。,我开始上中文课的时候，我曾经认为中文歌是没什么意思的东西。
中文学习者,我希望我有一天听懂我听的中国歌。,我希望有一天我能听懂中文歌。
中文学习者,我刚想回家，正好老师让我留在教室。,我刚想回家，老师让我在教室留一下。
中文学习者,"他说""到下星期二的上级班以前你要做作业，""",他说：“到下星期二的上级班以前你要做好作业。”
中文学习者,结果有天回家经过书店熊熊发现又贴了找工作伙伴的海报,结果有天回家经过书店时，发现又贴了招聘员工的海报。
中文学习者,不得不说面对一整片喔不是是六片的书墙,不得不说面对一整片，喔不对，是六面的书墙。
中文学习者,但是拖地喔买尬超麻烦的耶不是只要拖,但是拖地很麻烦，不只是要拖。
中文学习者,我也看地清楚，就知道它是人！,我也看清楚了，就知道它是人！
中文学习者,不满20岁是香烟禁止。,不满20岁买香烟是被禁止的。
中文学习者,在我国家，Halloween只是以获利为目的的季节。,在我们国家，Halloween只是以获利为目的的节日。
中文学习者,除了这些，Halloween在我国家来说，没有什么意思。,除了这些，Halloween在我看来，没有什么意思。
中文学习者,在这两天，我们纪念我们去世的情爱的。,在这两天，我们纪念了我们去世的爱情。
中文学习者,就像李白他是酒杯的饮中八仙。,就像李白一样，他也是酒中八仙之一。
中文学习者,如果你没有这个了解的话，很多中国文化和语言对你废话。,如果你不了解的话，很多中国文化和中国话对你来说就是废话。
中文学习者,我想以前是中国电影深受感动现在对中国电影渐薄感动，,我以前就对中国电影深受感动，现在对中国电影越来越感动了。
中文学习者,第一次的感动王宝强是演技，表演高超的技艺最有意思无上有趣。,最初感动我的是王宝强的演技，高超的表演技艺最有意思了。
中文学习者,上星期等了又等这个协会的终干开始。,从上星期等了又等，这个宴会终干开始。了
中文学习者,但是我家就不在米兰*（每天都坐地铁倒大学去）。,我家不在米兰（我每天都坐地铁到大学去）。
中文学习者,我，我妈妈，她的男，妹妹有。,我，我妈妈，她的男朋友，妹妹。
中文学习者,因为中国有很多的文化所以可以学习个方便的知识.,因为中国有很悠久的文化，所以可以学习他们的优点。
中文学习者,他帮我的忙学汉语，可是她不知道我跟不聪明。,他帮我学汉语，可是他不知道我很不聪明。
中文学习者,并且听在中国的儿子生活样子的活是惊恐连续,并且听了在中国生活的儿子的话我是惊恐连连。
中文学习者,有文化背景我觉得这十来年中国社会的变化还是相当大的，,我觉得这十来年中国社会的变化还是相当大的，
中文学习者,现在她在日本和中国和台湾常常表演音乐。,现在她常常在日本和中国及中国台湾表演音乐。
中文学习者,这件事因为他们在外国参加很多的活动交了朋友，,因为这件事他们在外国参加了很多的活动，交了很多朋友，
中文学习者,我的妻子看电视，逛街，散步，是比较普通的兴趣。,我的妻子喜欢看电视、逛街、散步，这些是比较普通的兴趣。
中文学习者,儿子是活泼的人喜欢旅游，跑步，游泳，但是现在工作忙没有时间，所以很累不想干。,儿子是活泼的人，喜欢旅游、跑步、游泳，但是现在工作忙没有时间，所以很累不想干这些。
中文学习者,并且今年室兰开港口110年市的制度90年因为纪念事业很多，志愿活动可是,并且今年是室兰开港口110周年和城市制度建立90周年。纪念活动很多，可是志愿活动
中文学习者,在拍照地方，横滨中华街,我拍照的地方在横滨中华街。
中文学习者,我正在工作也满身大汗.,我工作时满身大汗，
中文学习者,有时后老板让我们一边做什么任务一边做其他的任务。,有时候，老板让我们一边做一个任务一边做其他的任务。
中文学习者,要是我们不会快做完了，他们很生气。,要是我们不会很快做完，他们会很生气。
中文学习者,但是我不想离开我的工作，因为我得付房租，有工作在继续写上，省钱路行去中国，什么的。,但是我不想离开我的工作，因为我得付房租，有工作再继续写上，省钱去中国什么的。
中文学习者,现在太冷、但在半夜中新年初拜的人不少。,现在太冷，但在半夜新年初拜的人不少。
中文学习者,我从以前想去看这层建筑。,我在以前就想去看这层建筑。
中文学习者,也许写完后可以睡觉：),也许写完后可以睡着。
中文学习者,"还有每天我去过大学课七月二十七号到八月二十一号,和坐八个小时.","还有我从七月二十七号到八月二十一号去上大学课,每天坐八个小时。"
中文学习者,所以买手机卡就可以使用手机通信,所以买手机卡就可以使用手机通信。
中文学习者,被写她4月底会来台湾那个信.,写到她4月底会来台湾。
中文学习者,我听说5月22号开业日子的票，报名者335倍。,我听说5月22号开业的票，报名者是票的335倍。
中文学习者,我们在先去的地方“鼻高展望花的小山”观光时间变短呀！,我们先去的地方“鼻高展望花的小山”观光时间变短了呀！
中文学习者,我手一抖，把茶杯掉了电子词典上・・・当然电子词典被淋坏了。,我手一抖，把茶杯掉了电子词典上，当然电子词典被淋坏了。
中文学习者,所以他们有很多想买什幺东西，可能买一部分，不是全部买的。,所以他们有很多想买的东西，可能买一部分，不是全都买。
中文学习者,那时候我把汉语句子什幺也不知道。,那时候我对汉语句子什么也不知道。
中文学习者,”的朋友的日记上看到了一遍“xxx”的消息。,”的朋友的日记上看到了一次“xxx”的消息。
中文学习者,从家具到衣服，把不需要特殊设备的东西自己做的是便宜的。,从家具到衣服，自己做不需要特殊设备的东西是便宜的。
中文学习者,话说如此，但是我没有想到在这里会有这幺多同性恋的，所以还是有一种莫名奇妙的感觉。,话说如此，但是我没有想到在这里会有这么多同性恋的，所以还是有一种莫名其妙的感觉。
中文学习者,为了只用一刹那间我放在吃的东西一次性容器，吃后就变成垃圾。,那些一次性容器只有在我吃东西的时候会用，用完就变成了垃圾。
中文学习者,我觉得他们在那里吃的话，不要塑料袋！,我觉得他们在那里吃的话，可以不要塑料袋！
中文学习者,我使用书的时候（读、学习等等），用小心维持漂亮的状态，要是我早晚不需要的时候，我让给需要那本书的人我的书，把那本书再活用。,我使用书阅读、学习的时候，会小心保持它崭新的状态，如果我不需要这本书的时候，我会让给需要那本书的人用我的书，这样，这本书会被更广泛的使用。
中文学习者,因为那些漫画喜欢的人是大概成人。,因为喜欢那些漫画的人是大多是成人。
中文学习者,啊，我学习的时候很想要这样的集中力・・（－－；）为什幺学习的时候集中力就变得涣散呢？,我在学习的时候也很想要这样集中的注意力，我常常问自己：为什幺我学习的时候注意力就不能集中了呢？
中文学习者,我的话，如果我发现得感冒的人，我没呼吸，而且我一直,对于我而言，如果我身边有得感冒的人，我就会屏住呼吸，直到我
中文学习者,呢个有问题的网页很少被阅览所以很难发现。,这个有问题的网页很少被阅览，所以很难被发现。
中文学习者,就能获得新的智能，产生出新的世界。,这样才能获得新的出路，拥有一片新的世界。
中文学习者,我做事比较用功嘛，不愿意做出平庸的效果，总怕给朋友和父母玩时他们会笑我呀，所以要加大努力。,我做事比较用功嘛，不愿意做出平庸的效果，总怕把游戏给朋友和父母玩时他们会笑话我，所以我要加倍努力。
中文学习者,我平时不太喜欢说我自己可是我至少要自介绍一下。,我平时不太喜欢说我自己，但是我至少要自我介绍一下。
中文学习者,我还可以听的懂，也看得懂，就是说话很痛苦···,我还可以听的懂日文，也看得懂日文，就是交流起来很困难。
中文学习者,以前听的懂的还不错，又跟日文一样的也是都忘了。,以前还能听的懂一些，现在也跟日文一样都忘了。
中文学习者,要是这个地方是天堂，就我觉得死去不怕！,要是这个地方是天堂，我愿意永远呆在这里！
中文学习者,所以我希望你们要可以明白我要睡觉了。,所以我希望你们可以理解现在我要睡觉了。
中文学习者,他们什幺时候我不懂帮助我。,什幺时候我不懂了他们都帮助我。
中文学习者,可是今天当到小丸子店的时候，发现店铺竟然还没有开门！,可是当今天到小丸子店的时候，发现店铺竟然还没有开门！
中文学习者,本来开门时间是十点，但是我十一点差一刻的时候还没营业。,本来开门时间是十点，但是在十一点差一刻的时候还没营业。
中文学习者,不过・・・回日本后冲洗了胶卷没有那张照片！,不过，回日本后冲洗胶卷却没有那张照片！
中文学习者,小学生的时侯，我学习汉文。,小学的时侯，我学习汉文。
中文学习者,最后在家是全家的生活范围越来越小了，只在电暖桌的周围。,最后全家的生活范围越来越小了，只是在电暖桌的周围。
中文学习者,现在我尝试写都于汉语，不过是生涩。,现在我尝试用汉语写日记，不过还是写得很生涩。
中文学习者,而且福袋里有花钱的两三倍的金额的商品。,而且福袋里有花两三倍的金额的商品。
中文学习者,完全德中公司工作的得会中文和德文。,想去中德公司工作得会中文和德文。
中文学习者,她的朋友完全想和她玩儿。,她的朋友和她去玩儿了。
中文学习者,因为我在工作中，我不知道发生那样的状况。,因为我在工作，所以我不知道发生怎样的状况。
中文学习者,下午阳光从云彩中透射出来时候、我有了今天从现在开始一定不下雨的信心。,下午阳光从云彩中透出来的时候、我觉得今天从此刻开始一定不会下雨。
中文学习者,明天我需要再一篇洗衣服耶。,明天我需要再洗一遍衣服。
中文学习者,北京外国语大学是最好的大学之一，比北京语言大学有特点：在北外没有那幺多外国人，学校的情况比较轻松，可是北外的老师很严肃。,北京外国语大学是中国最好的大学之一，比北京语言大学有特色。在北外没有那么多外国人，学校的氛围比较轻松，可是北外的老师很严肃。
中文学习者,但是近年都市附近没有可能看到日出，而且在除夕到深夜，有的人喝酒，有的人看电视，或者有的人聊天儿，所以很多人不可能早起。,但是近年都市附近不能看到日出，而且在除夕深夜，有的人喝酒，有的人看电视，或者有的人聊天儿，所以很多人不会早起。
中文学习者,不过，因此他们觉得分配食物是当然义务。,不过，因此他们觉得分配食物给他人是他们的义务。
中文学习者,因为太闷了，我带下来我的笔记本去上网，聊聊天。,因为太闷了，所以我带下来我的笔记本去上网，聊聊天。
中文学习者,"因为,她想要我的时间很多,我也想要她的时间很多.","因为,她想念我的时间很多,我也想念她的时间很多。"
中文学习者,当然初次听的时我完全不会理解。,当然第一次听的时候我完全不理解。
中文学习者,那是我开始了这里打工以前的话。,那是我开始在这里打工以前的事情了。
中文学习者,我今天要又电话求他们来修理。,我今天又要电话让他们来修理。
中文学习者,昨晚我出席住在我村子的老太婆的灵前守夜仪式。,昨晚我出席了住在我村子的一位老太婆的灵前守夜仪式。
中文学习者,在会场门前放着一张好像是在她100岁的时候从前首相小泉送给她的奖状。,在会场门前放着一张好像是在她100岁的时候首相小泉送给她的奖状。
中文学习者,昨天偶尔在电视节目里我看到明星清水国明（58）。,昨天我偶然在电视节目里看到了明星清水国明（58岁）。
中文学习者,换言语的话，不管用日语还是英语一样的。,换语言的话，不管用日语还是英语都是一样的。
中文学习者,从今年一月夏目友人帐的新季开始了。,《夏目友人帐》的最新季从今年一月开始播出了。
中文学习者,他推荐了一家台湾菜餐厅说龙都酒楼、在我的宾馆附近。,他向我推荐了一家台湾菜餐厅叫“龙都酒楼”，在我的宾馆附近。
中文学习者,提高爱情后他会变化对你的态度而表现也丰富起来。,爱情提高后他会改变对你的态度，而且表现也丰富起来。
中文学习者,她先吃惊，然后来我的近旁看我。,她先是很吃惊，然后来到我旁边看我。
中文学习者,从窗口看到的风景不是蓝色的地球而并不是暗黑的空，那是全面橙色。,从窗口看到的风景不是蓝色的地球也不是暗黑的天空，那是一片橙色。
中文学习者,在登记册有很长排起了队、非常可怕等了。,在收银台有很长的队，等了很久。
中文学习者,在超级市场为什幺没有ETC门？,在超市为什么没有ETC通道？
中文学习者,所以我总是就死心说她。,所以我就总是说她。
中文学习者,我已经贫穷不过现在实在贫穷.,我本来就贫穷，现在更贫穷了。
中文学习者,听起来很奇怪，实际吃时，好棒的味道。,听起来很奇怪，实际上吃起来是好棒的味道。
中文学习者,除了亚洲式的菜，也有非洲式，美国南方式，墨西哥式，什幺的。,除了亚洲式的菜，也有非洲式、美国南方式、墨西哥式什么的。
中文学习者,上班的时候，我看了一个燕子。,上班的时候，我看见了一只燕子。
中文学习者,我们坐导游说汉语的上午半日游的,我们坐了导游说汉语的上午半日游。巴士
中文学习者,我回答'没有没有，只喜欢搬家。',我回答：“没有没有，只是喜欢搬家而已。”
中文学习者,明天隔了好久上中文课，不安。,隔了好久明天要上中文课，我有点不安。
中文学习者,我的父亲母亲和十面埋伏有一样的演员：章子怡。,《我的父亲母亲》和《十面埋伏》有同一个演员：章子怡。
中文学习者,在十面埋伏她叫小妹，美和妹一样发音，嘻嘻（我听见'mei'所以我想是美国的美）。,在﻿《1﻿十面埋伏﻿》2﻿﻿里3﻿她﻿叫4﻿﻿饰演5﻿小妹，美和妹﻿一样6﻿发音﻿一样6﻿，嘻嘻（我听见'mei'所以我﻿想以为7﻿是美国的美）。
中文学习者,所以他说很多的语言：汉语，日语，粤语，闽南语，也说英语。,所以他会说很多语言：汉语，日语，粤语，闽南语，也会说英语。
中文学习者,我知道这个惯用语：倾国倾城，有一样的意思？,我知道这个惯用语：倾国倾城，这两者是一样的意思吗？
中文学习者,我也想听见一个故事，也一样的意思。,我也听过另一个故事，也是一样的意思。
中文学习者,刚才的考试是马马虎虎，可以说有些大案有点复杂，可是我希望能通过这个考试。,刚才的考试马马虎虎，有些大题有点复杂，可是我希望能通过这个考试。
中文学习者,在海啸灾区，房子，田，商店，人，车等，什幺都被海啸涤荡了。,在海啸灾区，房子、田、商店、人、车等都被海啸涤荡了。
中文学习者,在岩手很多的志愿者已经活动。,岩手很多志愿者已经开始行动了。
中文学习者,我很感动了很多人的活动。,有这么多人参加活动我很感动。
中文学习者,今年纪念开始高达的动画片30周年，在东京的台场被创作等身大高达！,今年是纪念上映高达动画片的30周年，在东京的台场将创作等身大高达！
中文学习者,我回来了工作的时候，电视和镜子落下坏了。,我回来工作的时候，电视和镜子摔坏了。
中文学习者,她滔滔不绝的说什幺，所以我听不懂。,她滔滔不绝的说什幺我也听不懂。
中文学习者,所以我听不懂老师说的全部。,所以我听不懂老师说的全部。
中文学习者,我喜欢吃的东西很多，我不能决定一个食物。,我喜欢吃的东西很多，所以我不能决定一个食物。
中文学习者,的部分，但是我想看续集的戏据！,的部分，但是我想看续集的部分！
中文学习者,其中最好唱歌，所以大学的时候，我活动了乐队。,其中最喜欢唱歌，所以大学的时候，我参加了乐队。
中文学习者,我没有想到日本人也把Halloween庆祝。,我没有想到日本人庆祝Halloween。
中文学习者,不管我们有很多机会接触“拟声词”，没有一天没见闻！,尽管我们有很多机会接触“拟声词”，没有一天没见闻！
中文学习者,你的儿子秉性温顺的孩子通情达理的人，他是我所见到的最诚实的朋友了。,你的儿子是秉性温顺的孩子，通情达理，他是我所见到的最诚实的朋友了。
中文学习者,他给我打电话的时，总是突然！,他给我打电话的时候，总是很突然！
中文学习者,我的话，带消磨时间东西，小说书。,我的话，带消磨时间的东西小说书。
中文学习者,入场券很贵了，所以我想慢慢地看，但是我爸爸的意思只是阿绣罗！,入场券很贵，所以我想慢慢地看，但是我爸爸的意思只是阿绣罗！
中文学习者,那些天是在我生命中的最安静的天。,那些天是在我生命中的最安静的日子。
中文学习者,享受饭的时候，跟一些醋尝。,享受饭的时候，加一些醋尝尝。
中文学习者,日本的动画片在各国之的电视上播出，我觉得已经有各国的配音，只收录。,日本的动画片在各国的电视上播出，我觉得日本的动画片已经有各国的配音版本了，但都是只收录。”
中文学习者,作那国的语言的配音或者字幕。,会做那个国家的语言的配音或者字幕。
中文学习者,这个地方通常用堤防被防卫，所以不会淹没。,这个地方通常用堤防来防卫，所以不会被淹没。
中文学习者,客人和女佣人胜负石头剪子布，你胜利的话，你自己选混合果汁的材料。,客人和女佣人玩石头剪子布，你胜利的话，你自己选混合果汁的材料。
中文学习者,原本牵牛花市去的是在早上。,原本牵牛花市是在早上去的。
中文学习者,你们的国家的情人节是怎么样呢？,你们的国家的情人节是什么样呢？
中文学习者,然后，在日本固定了“情人节”是“巧克力”。,然后，在日本也就固定了“情人节”要送“巧克力”。
中文学习者,特别中文配音的日本动漫是超方便。,特别是中文配音的日本动漫，超方便。
中文学习者,稍微注意一点就是浪费很多时间。,稍微要注意一点就是它需要花费很多时间。
中文学习者,我一想起一个目的就得到那个目的。,我想到一个目标就得完成那个目标。
中文学习者,2)我们就学了很多中文的子，我们就会看一些中文的报纸。,我们学了很多汉字后，我们就会看一些中文的报纸。
中文学习者,3)早些时候李先生一家每年去法国休息。,早些时候李先生一家每年都去法国度假。
中文学习者,他马上发觉我淘气，因为我看他笑起来。,他马上发觉了这是我在淘气，因为我看他忍不住笑起来了。
中文学习者,但是那个词越来越浸透了住在别的地方的人们中。,但是那个词越来越渗透在了住在别的地方的人们心中。
中文学习者,不挤出时间，吃简便的饭。,挤不出时间，吃简简单的饭。
中文学习者,简便的饭是・・・・・・饭团儿、茶泡饭、玉米片儿等等。,简单的饭是・・・・・・饭团儿、茶泡饭、玉米片儿等等。
中文学习者,那时候她带着她的作业说她想辅导她的算术和地理的作业。,那时候她带着她的作业说想辅导她的算术和地理作业。
中文学习者,好不容易终于约了她几次，每次只是开开心心地散散一个小时步就是了，但对于快要离开中国而说不好会不会再来的我而言每一刻都特别珍贵。,好不容易终于约了她几次，每次只是开开心心地散一个小时步，但对于快要离开中国而说不好不会再来的我而言每一刻都特别珍贵。
中文学习者,我看了那部连续剧里吉川晃司演织田信长后，我对织田信长产生了兴趣，就从图书馆关于他的小说书。,我看了那部连续剧里吉川晃司演的织田信长后，我对织田信长产生了兴趣，就从图书馆寻找关于他的小说书。
中文学习者,她们有别的称呼“战国少女”。,她们有别的称呼“战国少女”。
中文学习者,而且叶子比赛的话、跟儿子的玩完全不同的。,而且叶子比赛的话，跟儿子玩儿的完全不同。
中文学习者,最近大家用除一般的用法以外的。,最近大家除了一般的日用之外，
中文学习者,原因是，在古典催眠，谁使用了同样的建议，他们无法继续。,原因是，古典催眠使用了同样的建议，他们无法继续。
中文学习者,想尽了一切办法都哪里谈得上见好，他的病势日益更坏了。,想尽了一切办法，都谈不上见好，他的病情日益严重了。
中文学习者,我看过完成之前的，今天期待看完成的样子。,我看过完成之前的样子，今天期待看完成后的样子。
中文学习者,一真天我的背没有问题，然后太阳一回了家以后就突然痛起来。,一整天我的背都没有问题，然后太阳下山回了家以后就突然痛起来。
中文学习者,这几年偶像歌手小组的成员很多。,这几年偶像歌手组合的成员很多。
中文学习者,近来应酬太多了没办法，，，忙的夏天了。,近来应酬太多了，没办法。夏天太忙了。
中文学习者,但是这不过才刚刚开始，但愿不要地球坏了我到死，，，，，,但是，这不过才刚刚开始，但愿到我死地球不要毁灭。
中文学习者,院子越来越变了，什幺时候绣球花没有了？,院子越来越不一样了，什么时候绣球花也没有了？
中文学习者,"也许是因为我学习努力地还不够的原因,","也许是因为我学习还不够努力的原因,"
中文学习者,"虽然我的中文还没有那幺流利,但是,中文本身的音调很美,讲出来自己心情就很爽,又能精神,感觉浑身充满活力.","虽然我的中文还没有那么流利,但是中文本身的音调很美,讲出来自己心情很爽,又很精神,感觉浑身充满活力。"
中文学习者,所以我只暑假和寒假期间的半工作了。,所以我只在暑假和寒假期间的做工作。
中文学习者,因为她在这店从开始工作后到那时没卖过陈列柜里的商品了！,因为她在这家店从开始工作后到那时从没没卖过陈列柜里的商品！
中文学习者,员工变得苍白地高呼“哎呀——！,员工变得焦虑地高呼：“哎呀——！”
中文学习者,我发现了煤油灯，但是这个房间很漆黑，所以我不能看那个煤油灯的点火的位置。,我发现了煤油灯，但是这个房间很漆黑，所以我不能看到那个煤油灯的点火的位置。
中文学习者,昨天我和我二儿子打大架。,昨天我和我二儿子打了一架。
中文学习者,我希望早就修理，要不然我不会洗澡啊。,我希望早点儿修理，要不然我不能洗澡啊。
中文学习者,这个是怎幺也不能理解。,这个我是怎么也不能理解。
中文学习者,我的朋友介绍我一个男人。,我的朋友介绍给我一个男人。
中文学习者,洗完后，只洗好的衣服晾干！,洗完后，只需要晾干洗好的衣服！
中文学习者,他在日本，不会说日语，但是他打听有没有工作。,他在日本，不会说日语，但是他想打听有没有工作。
中文学习者,我放咖喱入了容器盖儿，把容器放在塑料袋。,我把咖喱放入了容器盖，把容器放进塑料袋。
中文学习者,若说彩票的确，在日本最有名的彩票是年末的彩票。,若要说彩票，在日本最有名的彩票的确是年末的彩票。
中文学习者,而且，我们会事件，所以就有很危险。,而且，我们会出事，所以就会很危险。
中文学习者,“那儿我们万万没有中奖。,“那我们就不会中奖。
中文学习者,虽然我是华人住在马来西亚，但是我的话语差得很远，因为我在家里只用英语和一点广东话根我的家人交通。,虽然我是华人，但我住在马来西亚，但是我的汉语差得很远，因为我在家里只用英语和一点广东话跟我的家人沟通。
中文学习者,当那时候，我决定应该上话语课，想有一天能用话语根我的朋友交通。,那时候，我决定应该上汉语课，希望有一天能用汉语跟我的朋友沟通。
中文学习者,我学习汉语，日本语在米兰大学（第一年）。,我在米兰大学（第一年）学习汉语和日本语。
中文学习者,我用过去习题集测验我的能力了。,我用以前的习题集来测验我的能力。
中文学习者,但是现在那，这个节日没有将近别的节日。,但是现在，这个节日之后没有别的节日了。
中文学习者,听说那是中国的《水浒传》影响很大。,听说那是受中国的《水浒传》影响很大。
中文学习者,从我房间的玻璃窗，我可以看一家水果店。,从我房间的玻璃窗，我可以看到一家水果店。
中文学习者,一百八响的钟声的最后一响是规定变成新年以后敲。,一百八响的钟声的最后一响规定在新年以后敲。
中文学习者,所以到深夜十二点不能完敲钟。,所以到深夜十二点敲钟还没敲完。
中文学习者,地点新宿附近，距离九.五公里。,地点在新宿附近，距离新宿九点五公里。
中文学习者,那边有很多种类的看的见贵的古典车，而且那边有很多拍照古典车的男人。,那里有很多种类的昂贵的古典车，而且那边有很多给古典车拍照的男人。
中文学习者,另外从中国亚马孙不能买也是不满的。,另外我对不能从中国亚马逊买书也是不满的。
中文学习者,我要读很多的文档，分析好，整理好，或要记忆很细的知只，很麻烦（很大变，都可以？）,我要阅读很多的文档，分析好，整理好，记住很细的知识点，很麻烦。
中文学习者,突然他问她如果她想喝一杯茶。,突然他问她是否想喝茶。
中文学习者,我特别喜欢他笑的时候，因为先他的眼睛微笑，然后你就注意到他的口也微笑，很魅力。,我特别喜欢他笑的时样子，因为他的眼睛会先微笑，然后你就注意到他的嘴角也在微笑，很有魅力。
中文学习者,由于他是音乐家，他有创造力的，他完美地捕捉到在一般的情况下不一般的图像。,由于他是音乐家，他有创造力，他能完美地捕捉到一般的情况下不一般的图像。
中文学习者,结果他的思想、外表已经不是中国的，而是世界上的。,所以他的思想、外表已经不只是中国的，而是世界的。
中文学习者,我真地佩服这样的人，一面独立而坚强，一面有创造力的而敏感，我喜欢这样的奇怪的组合。,我真的佩服这样的人，一方面独立而坚强，一方面敏感而具有创造力，我喜欢这样奇怪的组合。
中文学习者,我兴趣是学汉语，看中国电影，和健身运动(锻炼身体)冲浪运动，滑雪单板，,我的兴趣是学汉语，看中国电影，和健身(锻炼身体)以及冲浪和单板滑雪，
中文学习者,私事，给内蒙古高中学生们的款待，真是开了自己的不小眼界。,但是给内蒙古高中学生们的款待，真是让自己开了不小眼界。
中文学习者,所以在照片描绘完全不同的景观类型，奇妙的群山和平坦的平台都有。,所以在照片中，描绘了完全不同的景观类型，奇妙的群山和平坦的平原都有。
中文学习者,我小学生的时候，没获得巧克力啊！,我小学生的时候，没获得巧克力啊！
中文学习者,我已经忘记这个网站，很可惜因为我记得写日子的时候我很高兴。,我已经忘记这个网站，很可惜。但是我记得写日记的时候我很高兴。
中文学习者,2月19日是我最后次写日子，怎幺久。,2月19日是我最后一次写日记，这么久。
中文学习者,可能你想知道我做什幺事？,可能你想知道我做什么事？
中文学习者,不写日子的时间我也很高兴，只是太忙。,不写日记的时间我也很高兴，只是太忙。
中文学习者,天天想他们，他们对我那幺好，不知道怎幺感谢他们。,天天想他们，他们对我那么好，不知道怎么感谢他们。
中文学习者,你们看一看；），这是我，比以前的样子不同的很，对不对？,你们看一看，这是我，比以前不同的很，对不对？
中文学习者,虽然我说这些话，我不是不喜欢我家乡这幺变。,虽然我说这些话，但我不是不喜欢我家乡这么变。
中文学习者,但是当时它没有双脚和一只手臂，所以《要死》之外不能找到其他的适合句。,但是当时它没有了双脚和一只手臂，所以“要死”之外不能找到其他的合适的词。
中文学习者,她不动，而且不觉得我的存在。,她不动，而且不觉得我的存在。
中文学习者,我不知道为什幺，我决定了救她。,我不知道为什么，我决定救她。
中文学习者,好像母亲哺乳孩子，我给她让吸我的血。,好像母亲哺乳孩子一样，我给她吸我的血。
中文学习者,虽然那幺少时间、但我也想参加这旅行。,虽然那么少时间、但我也想参加这趟旅行。
中文学习者,我们到新宿站的时候，我睡一袭来啊！,我们到新宿站的时候，我睡意袭来啊！
中文学习者,10岁的李白教育开始.,10岁的李白开始学习。
中文学习者,在定期健康检查告诉我的胆固醇值很高。,在定期健康检查时得知我的胆固醇值很高。
中文学习者,别的角色都看起来又大又强，他却有最严重的责任，他心里看不见的强总是让他做得到。,别的角色都看起来又大又强，他却有最大的责任，他心里看不见的强大总是让他做得到。
中文学习者,我接电话的时是平时，所以我一个人回老家。,我接电话的时候是周内，所以我一个人回老家。
中文学习者,我做他可以吃两天的饭后回老家。,我做好了他要吃的两天的饭后回了老家。
中文学习者,虽然她正在体会严峻的考验，有时碰到很难解决的事情，可是用乐观的想法来闯出一条新路子，真令人佩服呢。,虽然她正在经历严峻的考验，有时也会碰到很难解决的事情，可是她用乐观的心态来闯出一条新路子，真令人佩服呢。
中文学习者,我们很少看到对方今年。,我们今年很少见到对方。
中文学习者,这个公司和一些公司比起来，条件和待遇都不算比较好，他们的规模不少。,这个公司和其他公司比起来，条件和待遇都不算特别好，他们的规模也不大。
中文学习者,我们能看他们从三月末。,我们从三月末就能看到它们了。
中文学习者,今天为我的功课我写了四千字数（英语）。,今天我写了四千字的英语作业。
中文学习者,所以我就度过了一段我全身心地都很忙碌而累的时间。,所以我就度过了一段令我全身心都很忙碌而且累的时光。
中文学习者,于是我就决定了，每天晚上睡觉之前我要把一遍随笔的一段一段的文章都要在我的日记上记好，让我更加欣赏。,于是我就决定，每天晚上睡觉之前我要把一篇随笔的一段一段的文章都要在我的日记上记好，让我欣赏。
中文学习者,孩子们随着经过运动会和远足等大的活动，孩子们的心情和身体也成长了,通过参加运动会和远足等大的活动，孩子们的心理和身体也成长了。
中文学习者,我猜到他去什么地方怎么采购。,我猜到他去了什么地方怎么采购。
中文学习者,在中国的紫外线很利害，可是中国人的皮肤上不多斑点。,中国的紫外线很厉害，可是中国人的皮肤上很少有斑点。
中文学习者,"当我做喜欢的事时,我比谁都又热情又努力地做.","当我做喜欢的事时,我比谁都热情又努力地做."
中文学习者,"而且,虽然我有多种的关心的事情,我对语言最有兴趣.","而且,虽然我有多种感兴趣的事情,我对语言最有兴趣。"
中文学习者,"从此时,我成为了语言迷.","从那时起,我成为了语言迷。"
中文学习者,她也喜欢吃的食物和打网球。,她也喜欢吃美食和打网球。
中文学习者,上周日，她醒来去上大学，在8.00。,上周日8点，她醒来去了大学。
中文学习者,一个人只一杯，真是遗憾。,一个人只有一杯，真是可惜。
中文学习者,这不是用来吃的，是欣赏的鱼。,这不是用来吃的，而是欣赏的鱼。
中文学习者,其实，我们都听了他说的“你们都死了”的这句话，觉得会生气，可是看起来他灰心丧气，束手无策。,其实，我们听了他说的“你们都死了”这句话，觉得很生气，可是他看起来灰心丧气、束手无策。
中文学习者,上个月19号我从中国回来直到现在我一直在和男友尽情的玩每一天。,上个月19号我从中国回来，直到现在我一直在和男友每天尽情地玩儿。
中文学习者,虽然我前十几天玩得也自己觉得很值得，因为新的一个月又要开始，所以我决定了要好好安排这个月的时间。,虽然我前十几天玩儿的自己也觉得很值得，但是因为新的一个月要开始了，所以我决定要好好安排这个月的时间。
中文学习者,可是我越来越觉得每个人一定要有这样一个习惯让我能够控制自己的。,可是我越来越觉得每个人一定要有这样一个习惯，让我能够控制自己。
中文学习者,我想祝他的新工作圆满开始，让他能够发挥他的所有的潜力，被认可他。,我想祝他的新工作顺利开始，让他能够发挥他的潜力，他被认可。
中文学习者,我在我第一份工作里拼命得工作差不多半年多了。,我在我第一份工作里拼命得工作了差不多半年多了。
中文学习者,我很不安因为我在那儿必须唱歌myheartwillgoon.,我很紧张，因为我在那儿必须唱《我心永恒》。
中文学习者,虽然没见了几个月儿于不过觉得太久了。,虽然几个月没见了但也没觉得太久。
中文学习者,"还有这是个不好意思的,大酱汤对总是消化不良的人很好.","还有这个说出来有些不好意思,大酱汤对消化不良的人很好。"
中文学习者,因为我不知道他，所以第一次他说“早上好”的时候，很吃惊了。,因为我不认识他，所以第一次他说“早上好”的时候，我很吃惊。
中文学习者,最近再开始学中文和英语，所以我也再进来了这儿。,最近重新开始学中文和英语，所以我又回到这儿了。
中文学习者,在很多人的面前要发表演讲，有些紧张了。,要在很多人的面前发表演讲，我有些紧张。
中文学习者,不过，奋勇作准备的演讲了。,不过，我准备好奋勇演讲了。
中文学习者,一些的参加选手以精彩的表演而得到了观看人的掌声。,一些参赛选手以精彩的表演得到了观众的掌声。
中文学习者,参加选手都演讲了后，开始进行颁奖仪式。,参赛选手都演讲完了后，开始进行颁奖仪式。
中文学习者,有可惜一点儿的部分···^^。,有一点可惜的部分。
中文学习者,我来到厦门以前，周末等休息天，经常听到了韩国的广播。,我来到厦门以前，一到周末等休假日，经常听韩国的广播节目。
中文学习者,想起那位支持人来，我就万分想要听他的声音。,想起那位主持人时，我就万分想要听他的声音。
中文学习者,"进入餐厅马上服务员说汉语,问　『几个人?』",进入餐厅后服务员就说汉语，问：“几个人？”
中文学习者,"所以服务员说『早点儿说,太麻烦!",所以服务员说：“快点儿说，真麻烦！
中文学习者,我今天去图书馆回家的时候我去书店了。,我今天从图书馆回家的时候我去书店了。
中文学习者,利用栀子做煎饼的如下：,利用栀子做煎饼的做法如下：
中文学习者,阿拉喀涅说：“让他们，我知道我就是最大的织女！”,阿拉喀涅说：“让他们知道，我就是最伟大的织女！”
中文学习者,因为睡觉的时间短，我感觉昨天继续今天,因为睡觉的时间短，我感觉今天像是昨天的延续
中文学习者,发生很大事故后，我常常听见“那么说，这几天有很小的意外的变故”。,发生很大的事故后，我常常听见“那么说，这几天有很小的意外的变故”这样的话。
中文学习者,请点好再把往往陷于旧框框的每天。,请每天做好工作。
中文学习者,我对音乐的选择很有特殊。,我对音乐的选择很特殊。
中文学习者,旧和现在的生活混在一起的地方。,它是旧社会的生活和现在的生活混在一起的地方。
中文学习者,明天可能复习比今天的复习很好。,明天可能复习得比今天更好。
中文学习者,但是那时候，我的同屋导诱我一起喝啤酒。,但是那时候，我的同屋诱导我一起喝啤酒。
中文学习者,他公司是搞中外文化交流虽然那公司成立不久业务还是很兴旺。,他公司是搞中外文化交流的，虽然那公司成立不久，业务却很繁忙。
中文学习者,他说回国的时候我一定还常听听汉语录音，读读汉语课文。,他说回国的时候我一定要常听听汉语录音，读读汉语课文。
中文学习者,在书上说，去睡觉之前，想念今天一天的事，想最高兴的事情起来，给大家听一听。,书上说，去睡觉之前，想想今天一天的事，想起最高兴的事情，说给大家听一听。
中文学习者,有了这个习惯之后才发现自己的事，我对这质问不能回答。,有了这个习惯之后我才发现让自己高兴的事，因此我对这个质问不能回答。
中文学习者,如果我选不使用食品添加物的自然食品的话，我得到健康的身体。,如果我选不使用食品添加物的自然食品的话，我会得到健康的身体。
中文学习者,以后应该时不时的看看闹钟里啊。,以后应该时不时地看看闹钟里面啊。
中文学习者,在那种状况下，我自己可以努力加强我的词汇量，天天写文章，注意到大家的改正。,在那种状况下，我自己可以努力加强我的词汇量，天天写文章，注意大家的改正。
中文学习者,因为我不是很平常出门，我没有很多故事，但是我要从此开始认真地想起一些故事可以跟大家分享。,因为我不是很经常出门，我没有很多故事，但是我要从此认真地回忆一些故事跟大家分享。
中文学习者,在中国，他帮我手续啦，买手机啦，请我客。,在中国，他帮我办手续，买手机，请我吃饭。
中文学习者,我认为如果今天晴天的话我带孩子去儿童馆。,如果今天晴天的话我想带孩子去儿童馆。
中文学习者,女孩子很小，但是大声抽抽搭搭地哭个不停，很可爱，是一幅百看不厌。,宝宝很小，但是大声抽抽搭搭地哭个不停，很可爱，百看不厌。
中文学习者,在周末看录象决定下次不预约的，减少我得看的节目。,在周末看完录象再决定下次不预约的，不想看的节目。
中文学习者,"我带她去圆子里,在外面过了时间.","我带她去院子里,在外面度过了时间。"
中文学习者,"一般在发烧时,烧到了38.5度才使用解热药.","一般在发烧时,烧到了38.5度才会使用解热药，"
中文学习者,有可能所我们日本人来说的很多外国人看日本信息的时候，觉得“五月病是什么？”,有可能很多外国人看日本消息的时候，会猜测“五月病是什么？”
中文学习者,我想问你们以下，有些朋友住在日本，从来发生过五月病吗？,我想问你们一下，有朋友住在日本发生过五月病吗？
中文学习者,"生日过了一周,这周内我一直吃了面包和蛋糕可是还剩了几个面包.","过生日的这一周,我一直吃面包和蛋糕，可是还剩了几个面包."
中文学习者,本来那么喜欢的过一会儿会变成这样.,本来那么喜欢，过一会儿就变成这样。
中文学习者,我经常听过老人以身状态能预想次日的天气。,我经常听说老人能以身体状态预料次日的天气。
中文学习者,我想今晚喝烧酒忘所有事好好儿睡觉。,我想今晚喝点儿烧酒忘记所有事，好好儿睡一觉。
中文学习者,虽然他们每天跟他们一起吃饭，看电影，参加学校活动，还有吃苦，,虽然每天跟他们一起吃饭，看电影，参加学校活动，还有吃苦，
中文学习者,昨天在我家前面的一家小学校周围，好像老师的有些人扫除了。,昨天在我家前面的一家小学周围，有些好像老师的人做在扫除。
中文学习者,有的墙上贴了指示把自行车停下的地方。,有的在自行车停放的地方贴了指示。
中文学习者,在森林之中，我们边听到小溪的水声边慢慢地走步，真是舒服啊！,在森林之中，我们边听小溪的水声边慢慢地走步，真是舒服啊！
中文学习者,“高尾山”还也有很多的自然，非常美丽的。,“高尾山”还有很多的自然景观，非常美丽。
中文学习者,那时我扬扬地回答他“不是，我要冰的。”,那时我回答他：“不是，我要冰的。”
中文学习者,我爱看的作者是夏目sou石，太宰治，三岛由纪夫等等。,我爱看的作者是夏目漱石，太宰治，三岛由纪夫等等。
中文学习者,我觉得现代作者写的作品没有使100年时间读者入迷。,我觉得现代作者写的作品没有使读者历经100年时间依旧 入迷的。
中文学习者,...我买了一本汉版三国演义。,我买了一本汉版三国演义。
中文学习者,平时我觉得跟同学们交流几乎没问题，现在想，那是因为我不爱说话，跟别人的次数不多，而不是我的中文水平高。,平时我觉得跟同学们交流几乎没问题，现在想，那是因为我不爱说话，跟别人的次数不多，而不是我的中文水平高。
中文学习者,有一个上司担心地说了，“隐形眼镜对眼睛不好，去外面以外，,有一个上司担心地说了：“隐形眼镜对眼睛不好，去外面以外，
中文学习者,可是我为了有一个理由三天以上不戴的话，会身体不好。,可是我为了一个理由三天以上不戴的话，会对身体不好。
中文学习者,那么长时间一直犹豫的，要真做决定还是挺快的。,那么长时间一直犹豫，要真做决定的时候还是挺快的。
中文学习者,还有，我很喜欢那个主意因为我们现在可以更明白不只汉语但是我们也可以明白中国历史。,还有，我很喜欢这个主意，因为我们现在不止可以更明白汉语而且我们也可以明白中国历史。
中文学习者,意思是你试试学关于历史，你会明白你自己的文化。,意思是你试试学习关于历史的书籍，你会明白你自己的文化。
中文学习者,一个人住的人百分之多少买电视机呢？,一个人住的话百分之多少买电视机呢？
中文学习者,愉快的时间度过很快啊。,愉快的时间过得很快啊。
中文学习者,这次到上海去了之后，我感觉到很多的地点。,这次到上海去了之后，我去了很多的地方。
中文学习者,我决定了，｢以后去什么国外，我要用信用卡兑换･･･｣。,我决定了，以后去国外，我要用信用卡兑换外币。
中文学习者,回到家的之前，我一直觉得呆在家不如我出过得好精彩的生活。,回到家之前，我一直觉得呆在家不如我出去过得精彩的生活。
中文学习者,过了百年之后，我知道不管我愿不愿意我的特别的地方想其他的地方消失。,过了百年之后，我知道不管我愿不愿意特别的地方像其他的地方一样消失。
中文学习者,那会中老师说“你们好不容易彼此相互了解，互相记名字吧”。,老师说：“你们好不容易彼此相互了解了一些，现在开始互相记名字吧。”
中文学习者,我反覆五次问她的名字。,我反复问了五次她的名字，
中文学习者,（我朋友送给我两次很多酸橙子）那天以后我每天吃了一个酸橙子。,我朋友送给我很多酸橙子两次，那天以后我每天都要吃一个酸橙子。
中文学习者,过了一会儿，报纸上写橘皮果酱的做法。,过了一会儿，我看到报纸上写了橘皮果酱的做法。
中文学习者,确实是昨天阴天，但是不那么寒，是真的吗？,确实昨天是阴天，但是没那么冷，是真的要下雪吗？
中文学习者,在我坐火车在这里我的行李丢失了。,我坐火车到这里后发现我的行李丢失了。
中文学习者,现在我为我寻找一个昂贵的公寓的室友。,现在我在为我自己寻找一个室友，因为这个公寓租金比较高。
中文学习者,"以前，我的日本朋友突然给我打电话问我，""你对广播电台的公开录音，有没有感兴趣？""","之前，我的日本朋友突然打电话问我：""你对广播电台的公开录音有没有兴趣？"""
中文学习者,我们5个都以前在中国留过学，而且留学的学校、时期都一样。,我们5个以前都在中国留过学，而且留学的学校、时期都一样。
中文学习者,那个节目的主持人是中国人，后来我们发现了他会说一口流利的日语，可是，那时他用汉语交流，可能考考我们5个人的汉语水平吧。,那个节目的主持人是中国人，后来我们发现了他会说一口流利的日语，可是那时他用汉语交流，可能想考考我们5个人的汉语水平吧。
中文学习者,"主持人一开始说，""Heeeey,听众朋友你好，这里是某某，在东京为你们主持了。","主持人一开始说：""Heeeey，听众朋友们你们好，这里是某某，在东京为你们主持了。"
中文学习者,那么说我上班的时候，遇见很多走路的中年人。,我上班的时候，会遇见很多走路的中年人。
中文学习者,对第二次我的中国生活很期望　哈哈,很期待我第二次在中国的生活，哈哈。
中文学习者,我要写这日记花了多时间。,我写这日记花了多长时间。
中文学习者,如果在中国有主题公园，那个我们可以吃全中国的好好吃的东西的地方？,如果在中国有主题公园，那种我们可以吃全中国好吃的东西的地方。
中文学习者,你们想我国幸福的日子吗？,你们能想到我过的幸福日子吗？
中文学习者,我第一次看她的是在《非诚无扰2》里。,我第一次看她是在《非诚无扰2》里。
中文学习者,当时我们最大的任务是，开展览会前，在每个展位里，根据每个客户的不同的需求把所有的家具配置好，使他们能够布展的顺顺利利。,当时我们最大的任务是，在开展览会前，在每个展位里，根据每个客户的不同需求把所有的家具配置好，使他们能够顺顺利利布展。
中文学习者,男人和女人的互相理解得很难，所以为理解地谈恋爱。,男人和女人的互相理解很难，所以基于理解地谈恋爱。
中文学习者,他们能够理解对象的心情了。,他们能够理解彼此的心情。
中文学习者,她一听到这样事情，就快再送给我5公斤的白薯。,她一听到这件事情，就很快再次送给我5公斤的白薯。
中文学习者,评审电影来说，我觉得最重要的判據是电影是不是逼真的，会不会动人。,关于评审电影，我觉得最重要的评判标准是电影是不是逼真、会不会打动人。
中文学习者,要不要做战争，都没问我们。,要不要战争，都没问过我们。
中文学习者,我不信他们，但是坏事发生是事实:(,我不相信他们，但是坏事发生是事实。
中文学习者,今天我打算跟我好中国朋友吃午饭.,今天我打算跟我中国的好朋友吃午饭。
中文学习者,各个船公司的计划表有所延迟或者换线。,各航运公司的时刻表要么有所延迟要么换线路。
中文学习者,我回去日本的时候，雨天结束已经进入夏天。,我回日本的时候，雨天已经结束，进入夏天了。
中文学习者,我不能买他们，尽管如此，只索取用样品的话，奸猾的人吧。,我不能买它们，尽管如此，只要样品的话，还是可以的吧。
中文学习者,因此，如何什么情况，孩子们离不开家，一定要忍耐。,因此，无论什么情况，孩子们都离不开家，一定要忍耐。
中文学习者,有的歌手为了有更好的表现，不断地练习得太累，以致得了感冒或者嗓子疼痛，影响演出。,有的歌手为了有更好的表现，不断地练习，练习得太累，以致感冒或者嗓子疼，影响了演出。
中文学习者,我们可以写下亲自的联系给互相，要在网络还上说着话过一会儿保持联系。,我们可以写下各自的联系方式给彼此，在网络上说过一会儿话来保持联系。
中文学习者,我和我妻子感到很高兴，而且我们计划十月的最后天坐飞机去希腊参与下一次多语言说者大会。,我和我妻子感到很高兴，而且我们计划十月底坐飞机去希腊参加下一次多语言者大会。
中文学习者,我希望我能明白多好了人用中文对我在说什么。,我希望我能让更多人听懂我在用中文说什么。
中文学习者,听说如果跑步的时候，走路一样的速度的话，消费能比走路2倍。,听说跑步的时候如果速度和走路一样的话，消耗的能量比走路多2倍。
中文学习者,这时听见了韩国语，对于站在在人生地不熟的我们来说，很动听的声音啊！,这时听见了韩国语，对于人生地不熟的我们来说，是很动听的声音啊！
中文学习者,我觉得每年的最后一个月，12月是一般来说感觉很模糊，糊里糊涂的一个月。,我觉得作为每年的最后一个月，12月是一般来说感觉很模糊，过得糊里糊涂的一个月。
中文学习者,因为不说明年，联明天也我们都不知道会发生什么事情。）,因为不说明年，连明天我们都不知道会发生什么事情。）
中文学习者,"原来我对电车很感兴趣,我上了高铁,漫步了列车里。","原来我对电车很感兴趣,我上了高铁,在列车里漫步。"
中文学习者,"趁买饮料水,我跟她说话了。","趁买饮料的机会,我跟她说话了。"
中文学习者,"一她了解了,我就很开心。","她听懂了了,我就很开心。"
中文学习者,"坐高铁的时候,有一位乘车服务员只给我一杯茶。","坐高铁的时候,有一位乘车服务员给了我一杯茶。"
中文学习者,但是她走了过两天后我才知道，做菜倒是还有意思，可我没想到除了做菜以外，我得做的事情还多。,但是她走了两天后我才知道，做菜倒是还有意思，可除了做菜以外，我得做的事情还有很多。
中文学习者,你好几年过世了，但是，我不能忘你。,你过世好几年了，但是，我不会忘记你。
中文学习者,爱情是奇怪，我不能解释。,爱情是奇怪的，我不能解释。
中文学习者,生病，辣的事儿，等等。,生病的事儿，等等。
中文学习者,"因为中国人的演员说英语,我觉得很奇怪.",因为中国演员说英语让我觉得很奇怪。
中文学习者,其实我没时间联系，所以演讲会的2个星期以前才把它背好，开始练习发音，因为我觉得发音是最重要的！,其实我没时间练习，所以演讲会的两个星期以前才把它背好，开始练习发音，因为我觉得发音是最重要的！
中文学习者,首先这个卡包是和国家印度有密切的联接，所以我不能不提印度。,首先这个卡包和国家印度有密切的联系，所以我不能不提印度。
中文学习者,从关于印度的国际新闻看到了，在印度那边有很多只靠捡垃圾养活自己的的孩子们，虽然我还没有去过印度，但是我能想象出他们的生活条件多么悲惨，,从关于印度的国际新闻看到了，在印度那边有很多只靠捡垃圾养活自己的的孩子们，虽然我还没有去过印度，但是我能想象出他们的生活条件多么悲惨，
中文学习者,我的的新的希望，新的梦想。,我的新的希望，新的梦想。
中文学习者,国家陆续与规制房地产投机的各种各样的政策出台，以谋求防止房地产价格过分的涨落。,国家陆续出台了规制房地产投机的各种各样的政策，以防止房地产价格过分的涨落。
中文学习者,就一般情况来说，自己2/3的年收入范围内贷了款的话，之后会没有发生造成很大的坏影响的事情。,就一般情况来说，在自己2/3的年收入范围内贷了款的话，之后不会发生造成很大的坏影响的事情。
中文学习者,"上星期的二星期晚上,我完了打工之后,我去附近的温泉宿.","上星期的周二晚上,我打完工之后,我去了附近的温泉。"
中文学习者,"那个地方既好修饰又毛巾,又化妆水等的必需品都有,会尽情使用它.","那个地方既有毛巾,又有化妆水等的必需品,可以尽情使用它。"
中文学习者,价格是关于一个小时大概118元.,价格是一个小时大概118元。
中文学习者,这次对我来说第一次用汉语写日记。,这次对我来说是第一次用汉语写日记。
中文学习者,因为我只能吃生鱼片吃得很少。,因为我吃生鱼片吃得很少。
中文学习者,去回转寿司店的没有意义啊。,去寿司店没有意义啊。
中文学习者,但是我从头吃开始的时候，觉得这个鱼一点儿可怜。,但是我从头开始吃的时候，觉得这个鱼有一点儿可怜。
中文学习者,顺便说一下，我的吃办法是先切成两半，再吃。,顺便说一下，我吃的办法是先切成两半，再吃。
中文学习者,一旦做一个小小的空白，以后就会容易做大空白。,一旦有一个小小的空白，以后就会容易留下大空白。
中文学习者,从今天起，我重新做我的习惯。,从今天起，我重新保持我的习惯。
中文学习者,（但是不要勉强自己，重要的是既轻松又快乐的写日记！）,（但是不要勉强自己，重要的是既轻松又快乐地写日记！）
中文学习者,昨天因为这个网页不会打开，所以我不会写日记。,昨天因为这个网页不会打开，所以我没有写日记。
中文学习者,我学的是一对一，所以她只有一学生。,我学的是一对一，所以她只有一名学生。
中文学习者,变化即使慢慢儿的我有希望。,变化即使慢慢儿的，我也有希望。
中文学习者,他到30多岁户籍上女性。,他到30多岁，户籍上还是女性。
中文学习者,我想把我的房间代贴墙纸，宁可涂抹油漆,我想把我的房间贴上墙纸，而不是涂抹油漆。
中文学习者,"在日本南部地方，樱花季节刚刚到了，现在许多日本人好像盼望""樱花锋""到自己住的地方。","在日本南部，樱花季节刚刚到了，现在许多日本人盼望""樱花锋""到自己住的地方。"
中文学习者,樱花最初在日本南部就开，然后在日本北部才开，就是说樱花已经开的地方和还没有开的地方的界线向北移动得好像跟暖锋一样。,樱花最初就开在日本南部，然后才开在日本北部，就是说樱花已经开的地方和还没有开的地方的界线向北移动得好像跟暖锋一样。
中文学习者,"所以我们叫这界线""樱花锋(桜前線)""，而且樱花季节期中，天气预报每天告诉我们樱花锋什么时候可能会到什么地方，就是说樱花什么时候会开始开，而会烂漫开满了。","所以我们叫这界线为""樱花锋(桜前線)""，而且樱花季节期间天气预报每天告诉我们樱花锋什么时候可能会到什么地方，就是说樱花什么时候会开始开，而且会烂漫开满了。"
中文学习者,我以到考那斯机场到会议的最后一天一句立陶宛语都没说，因为我总是跟会议人在一起。,我一直到考那斯机场到会议的最后一天一句立陶宛语都没说，因为我总是跟开会的人在一起。
中文学习者,我在小小的时候，我希望圣诞老人来我家给我礼物。,我在小的时候，我希望圣诞老人来我家给我礼物。
中文学习者,但是从看这一部以后我一直在看日本动画剧并度日本动画片。,但是从看这一部以后我一直在看日本动画剧和日本动画片。
中文学习者,那时她说我们大学的白血病的同学的事。,那时她说我们大学白血病的同学的事。
中文学习者,素面包的时候，他爱吃白色部分，可是她爱吃边部分,吃面包的时候，他爱吃白色部分，可是她爱吃旁边的部分。
中文学习者,昨天我看到今年的第一个雪。,昨天我看到了今年的第一场雪。
中文学习者,圣诞节以后我快活得去庆祝新年，只是一月中旬我才不满意，骂德国的冷天气。,圣诞节以后我又高兴地去庆祝新年，只是一月中旬我才不满意德国，会骂德国的坏天气。
中文学习者,那个中学校里面的有个班跟我们在一起谈了谈1个小时。,那个中国学校里的一个班跟我们在一起交流了一个小时。
中文学习者,以后他给我发短信，有想知道的或者苦恼。,之后他给我发过短信，他有想知道的事情或者苦恼都会问我。
中文学习者,这里有了两个很帅的老师，我的心里兴高采烈！,这里边有两个很帅的老师，我感到心花怒放！
中文学习者,但是：请告诉我吧：北京有没有地下道。,但是，请告诉我北京有没有地道。
中文学习者,我觉得你必须用魔术用筷子吃饭。,我觉得你用筷子吃饭必须像变魔术一样。
中文学习者,"特别是对我有点不利的东西发生时,知道数会感谢的东西让我感觉放心,和很有意思的是,很多时这样的好的心态帮助我解决问题.",特别是对我有点不利的事情发生时，知道什么是应该感谢的东西会让我感觉很放心，很有意思的是，很多时候这样的好的心态也可以帮助我解决问题。
中文学习者,结果从早上十点到晚上九点打工了。,结果从早上十点到晚上九点打工。
中文学习者,在工作上得了小小的成功或者被顾客生气，也没有人听我的话。,在工作上取得小小的成功或者被顾客生气指责，也没有人听我的话。
中文学习者,我的生活不该为满意一个fake印象。,我的生活不该为满意伪造一个印象。
中文学习者,听说吹田市民入场费是免费。,听说吹田市民是可以的免费入场。
中文学习者,我觉得大学生活应该是好好学习的但是一看他们我就不想去学校。,我觉得大学应该好好学习，但是一看到他们，我就不想去学校了。
中文学习者,我这个人只在西安学了半年的怎能跟他们学习啊~！,我这个人只在西安学了半年的中文，怎能跟他们一起学习啊？
中文学习者,在端午节期间，我们一看就明白那个家有儿子，因为有儿子的家在院子里会悬挂鲤鱼形状的旗。,在端午节期间，我们一看就明白哪家有儿子，因为有儿子的家在院子里会悬挂鲤鱼形状的旗。
中文学习者,他们说Proletariant得卖他们的工作能，然后他们拿到钱。,他们说Proletariant得出卖他们的工作能力，然后他们拿到钱。
中文学习者,把它们摆在一起不难，但是因旁人会看见做不上来。,把它们摆在一起不难，但是因旁人会看见做不来。
中文学习者,在停车场快要停车的时候，刚才的他们我车就前面横过了。,在停车场快要停下车的时候，刚才遇到的他们在我车前面经过。
中文学习者,我焦急买最小限度的东西，想尽可能快出去这里。,我焦急地买了极少的东西，想尽快离家这里。
中文学习者,主人公说谎话的理由是伤他的自尊心。,主人公说谎话的理由是怕伤他的自尊心。
中文学习者,睡了三个小时后终于才醒了，还很困，还很累。,睡了三个小时后才醒，还是很困，很累。
中文学习者,在世界上，各个的国家有自己的传统活动，但是奥州的圣诞节与中国的春节有许多相似。,在世界上，各个国家都有自己的传统活动，但是澳洲的圣诞节与中国的春节有许多相似之处。
中文学习者,因为澳洲是个很大的国家，家人的亲戚通常住得离他们很远，与家人见面的机会。,因为澳大利亚是个很大的国家，亲戚通常住得离他们很远，与家人见面的机会很少。
中文学习者,花栽周围长着很多青草。,花的周围长着很多青草。
中文学习者,虽然现在没有汉语班，但是我好好学习汉语，哈哈。,虽然现在没有汉语班，但是我有好好学习汉语，哈哈。
中文学习者,她没教我这个星期一样。,她不能像这个星期一样教我。
中文学习者,如果两个人没有缘分就多么近的距离在一起也两人走不到一起，,“如果两个人没有缘分，多么近的距离两人也走不到一起，
中文学习者,当时他的这么一说，打动了我的心，目前我们还是异地恋的状态但我们还是想在一起了（？）,当时听他这么一说打动了我的心，目前我们还是异地恋的状态但我们还是想在一起了。
中文学习者,顺便古老电脑被连接因特网了。,旧电脑顺便连上了因特网。
中文学习者,不知道在那里可以找到中国朋友。,不知道在哪里可以找到中国朋友。
中文学习者,有的去当兵有的家里经济困难的问题没法再学下去.,有的去当兵有的家里经济困难没法再学下去。
中文学习者,我正在写了五个航过日记，但是我还要写中文日记！,我写了五篇韩语日记，但是我还要写中文日记！
中文学习者,我朋友参加她朋友的婚礼，我和别的东京住的朋友跟随，,我朋友参加她朋友的婚礼，我和别的住东京的朋友跟随，
中文学习者,如果我可以和机器人过了话，用中文和韩语的机器人好。,如果我可以和机器人过的话，用中文和韩语的机器人比较好。
中文学习者,现在还梅雨季节而已经到了夏天。,现在还在梅雨季节而已经到了夏天。
中文学习者,"除了他的家以外,其他的家都被打雷。","除了他的家以外,其他人的家都被雷击中了。"
中文学习者,可是这两个星期，我的体重越增越，不停了！,可是这两个星期，我的体重越增越多，停不下来了！
中文学习者,如果不喝水的话，因为胃液比平时少点儿分泌，所以自然的感觉到不太饿。,如果不喝水的话，因为胃液比平时少点儿分泌，所以人会自然地感觉到不太饿。
中文学习者,当前减肥是年轻女性很关注的话题，所以我要在这里给大家介绍，让朋友们参考。,当前减肥是年轻女性很关注的话题，所以我要在这里给大家介绍，让朋友们参考。
中文学习者,我回答说：我没做过减肥有关的事，就这样变成了。,我回答说：我没做过跟减肥有关的事，就变成了这样。
中文学习者,听说，一两天期间的绝食虽然对身体健康有好处，如果再绝食的话，不但对身体健康造成不良的影响，反而对减肥也起到负面的作用。,听说，一两天的绝食虽然对身体健康有好处，但如果再绝食的话，不但会对身体健康造成不良的影响，而且对减肥也会起到负面的作用。
中文学习者,短期的绝食，使促进消化的速度且快点儿新陈代谢速度，从而能排出身体里面的有害物质。,短期的绝食，会加快消化的速度且加快新陈代谢速度，从而使人能排出身体里面的有害物质。
中文学习者,女儿和儿子的生活节奏不一样了，我一个人照顾他们好厉害。,女儿和儿子的生活节奏不一样，我一个人照顾他们好厉害。
中文学习者,我觉得她和她朋友玩个痛快那太好了，但是她累得很，后来开始吃饭的时候她已经有点迷糊了。,我觉得她和她朋友玩个痛快很好，但是她累得很，后来吃饭的时候她都已经有点迷糊了。
中文学习者,还有做志工帮高中学生和国中学生的读书。,还做了志工辅导高中学生和国中学生读书。
中文学习者,虽然我常常看他的博客，我在那里胆怯没寄给过留言，因为他的博客很漂亮，我觉得用我不好的中文不想弄脏。,虽然我常常看他的博客，但是我胆怯没给他留过言，因为他的博客很漂亮，我不想用我不好的中文弄脏他的博客。
中文学习者,我用扫帚扫道路的话，黄叶满满很大的塑料袋里。,我用扫帚扫道路，黄叶装满了大塑料袋。
中文学习者,但是我的困难是暂时的，对方是个黄叶所以绕它吧。,但是我的困难是暂时的，对方只是个黄叶所以饶了它吧。
中文学习者,比如用厨房的东西放在厨房里的架棚，洗澡的时候用的东西放在盥洗室里的架棚，学习的时候用的东西放在桌子邻接的架子等等。,比如厨房用的东西放在厨房里的架子上，洗澡的时候用的东西放在盥洗室里的架子上，学习的时候用的东西放在桌子邻接的架子上等等。
中文学习者,但是我有时候会忘没妨碍的地方是哪里的？,但是我有时候会忘不碍事的地方是哪里。
中文学习者,今天中午我在外面走一走，我感觉寒风和晒晒的阳光，感觉和前几天有点不一样了。,今天中午我在外面走了走，我感受到寒风和晒晒的阳光，感觉和前几天有点不一样了。
中文学习者,我想，好像春天即将来临，虽然许多人还是和把脖子和肩膀都缩回走，但是我感觉到春天了！,我想，好像春天即将来临，虽然许多人还是把脖子和肩膀都缩着，但是我感觉到春天来了！
中文学习者,应为我是生活上需要的中文基本上都会，所以再进一步过程应该需要自己坚持抱有向上心才会提高水平。,生活上我需要的中文基本上都会，所以再进一步需要自己坚持抱有积极性才会提高中文水平。
中文学习者,值得感谢的是我家人都好好生活身体健康，尤其是两个孩子，他们都没有一次感冒了，结果这个学期他们都没有缺过一次席。,值得感谢的是我家人都生活很好，身体健康，尤其是两个孩子，他们一次都没有感冒，所以这个学期他们都没有缺过一次席。
中文学习者,今天早上考第二试，因为上三门中文课，还有下个星期开始最后的。,今天早上考第二场试，因为上三门中文课，下个星期开始最后的。
中文学习者,我觉得烤得不错，内容不太难，而且我一点复习了。,我觉得考得不错，内容不太难，而且我复习了一点。
中文学习者,听为主的姿势⇒不必会讲话的人，该要认真听。,以听为主的姿态：不会讲话的人，要认真听。
中文学习者,③親切热情/亲切⇒有肯能消费者会遇到事情，容易错的事情提前告诉。,亲切热情/亲切：有可能消费者会遇到事情，容易错的事情要提前告诉。
中文学习者,诚实⇒对于每个消费者真心服务。,诚实：对每个消费者都要真心服务。
中文学习者,到成都机场后看到满天密云，闻到成都机场的味儿，感到怀念成都的回忆。,到成都机场后看到满天密云，闻到成都机场的味儿，开始怀念成都的回忆。
中文学习者,我校的时候，我总是想想学校舞会一定要很好玩。,我在校的时候，我总是想学校舞一定会很好玩。
中文学习者,洗窗液因寒冷而结冰的话，不能洗车前面的玻璃，结果马上在前面看不见，太危险，等等。,洗窗液因寒冷而结冰的话，就不能洗车前面的玻璃，前面看不见，太危险等等一些问题。
中文学习者,但是媒体没有什么报道，有可能我考虑太过逾．,但是媒体没有什么报道，有可能我考虑太过了。
中文学习者,四个人前边是女人的日本人。,四个人前边的女人是日本人。
中文学习者,大部分的人们不是做自己喜欢做或想做的事，而是为了得到收入并生活会稳定，不得已选择的情况许多。,大部分人都不是做自己喜欢做或想做的事，而是为了得到收入并使生活更加稳定，不得已做选择的情况居多。
中文学习者,人要对自己做的事感兴趣并且负责任感，通过自己做的事，人才能做人。,人要对自己做的事感兴趣并且负责任，通过自己做的事，人才能了解自己。
中文学习者,那个年轻园丁把含着汗的额头用衣领擦着这样回答说。,那个年轻园丁边用衣领擦着流着汗的额头边这样回答说：
中文学习者,为了制作用日常生活的东西，拿（/抓）着工具在钉钉子的话，就没有产生杂念，光高兴了个够。,为了制作日常生活用的东西，做拿着工具钉钉子的活，就不会产生杂念，光高兴就够了。
中文学习者,前几天也我做成个用扒（/掏）出灶孔里面的灰烬的木耙。,前几天我做了一个用来扒出灶孔里面的灰烬的木耙。
中文学习者,以前用过的木耙坏掉了，所以我又制作了。,以前用过的木耙坏掉了，所以我又制作了一个。
中文学习者,它是，我在木柴堆里找到可用的橡木木头，然后连接着木板片来制成的。,它是用我在木柴堆里找到可用的橡木木头，然后连接着木板片制成的。
中文学习者,那时，我还制成一张餐桌，换了几次庵主后，现在看不见。,那时，我还做了一张餐桌，换了几次庵主后，现在找不到了。
中文学习者,"我感觉,我的北京留学是非常过去的事情.",我感觉，我在北京留学是非常遥远的事情。
中文学习者,写文章是我最不得意的项目.,写文章是我最不拿手的项目。
中文学习者,为什么我学习中文就是我喜欢中国史、文化、唐诗还有中文好听！,我学习中文的原因是因为我喜欢中国史、中国文化、唐诗还有因为中文好听！
中文学习者,明天我朋友来我家把电脑要修理。,明天我朋友来我家要帮我修理电脑。
中文学习者,放寒假时我真的要去云南旅游的前一天，我太激动地在床上通宵达旦。,放寒假时，在我真的要去云南旅游的前一天，我激动地在床上一个晚上都没睡着。
中文学习者,真的好久没产生的这样一个心情，我觉得好好珍惜今天。,这样的心情真的好久没有过了，我觉得要好好珍惜今天。
中文学习者,有模有最合适的成语呢（或者近义词）？,有没有合适的成语（或者近义词）呢？
中文学习者,我来这窝棚的第二年春天，我为了在荒废的野田种苗木，需要从山林合作社装载一辆车的苗木开来我这儿。,来这窝棚的第二年春天，我为了在荒废的野田种苗木，需要从山林合作社装载一车的苗木来我这儿。
中文学习者,我给锯木厂打听一下，他们介绍了一个年轻人。,我向锯木厂打听了一下，他们介绍了一个年轻人。
中文学习者,我在这里不表明他的名字也像我不喜欢告诉世上我的住处一样的缘故。,我在这里不说明他的名字也和我不喜欢告诉世人我的住处的缘故一样。
中文学习者,古代的人这样说过：如果草妨碍你走路的话，那么拔它，如果树木妨碍你帽子的话，那么把它切掉。,古代的人这样说过：如果草妨碍你走路的话，那么拔掉它，如果树木妨碍你帽子的话，那么把它切掉。
中文学习者,前几天利用我不在家，他装载着一辆的木头开到我家，把它放在窝棚的庭院。,前几天我不在家，他装载着一车的木头到我家，把它们放在了窝棚的庭院里。
中文学习者,我学了汉语已经一个年。,我学汉语已经一年了。
中文学习者,撒豆后为了祈祷一年的驱邪吃豆。,撒豆后为了祈祷新一年的驱邪要吃豆。
中文学习者,今天我去了公园因为今天有一个农民市场和别的活动：报佳音，四轮马车，等等。,今天我去了公园，因为今天有一个农民市集和其他的活动：报佳音，四轮马车等等。
中文学习者,夏天做洒背，虽然使全身感觉到像产生鸡皮疙瘩的一样很凉快，但是突然间发散体热是不太好，所以把背一直暖些。,夏天光着背，虽然全身会感觉到很凉快，但是瞬间散体热是不太好的，所以注意背部保暖。
中文学习者,但是没有我的同学的帮助，我什幺也不会做。,如果没有我的同学的帮助，我什么也不会做。
中文学习者,"最近我吓了的事情，在地球水深4,000米的火山热水喷出口，400度的那么热的热水喷出口的附近，有很多生命。","最近听说一件吓着我的事情，在地球上有水深4,000米的火山岩浆喷出口，400度的那么热的岩浆喷出口的附近，有很多生命。"
中文学习者,在派来的公司里，派来的职员不称自己的名字，被叫派来的职员，跟东西和零件一样的招待。,在外派的公司里，派来的职员不可以称自己的名字，被称为派来的职员，跟东西和零件一样的待遇。
中文学习者,英国人的年轻里4个人之中一个人能收到住居补贴，在日本一个人也没有收到的人,英国的年轻人里四个人之中一个人能收到住居补贴，在日本一个人也不会收到。
中文学习者,因为从我家到舞蹈会会场走路30分左右，所以我们计划开始舞蹈会40分前出发。,因为从我家到舞蹈演出的会场走路需要三十分钟左右，所以我们计划舞蹈演出开始前四十分钟出发。
中文学习者,首先我有点儿害羞，但是逐渐产生有趣。,开始我有点儿害羞，但是逐渐产生了有趣。
中文学习者,"(你知道嘛,我两年前考了HSK,合格了新HSK六级.我自己不能相信.",（你知道吗？我两年前考了HSK，合格了，新HSK六级。我自己都不能相信。
中文学习者,没有精神余裕的学语言.,没有余裕的时间学语言。
中文学习者,人们需要工夫管自己生命相关的农业。,人们需要花工夫管管跟自己生命相关的农业。
中文学习者,现在我有三台的电脑，还有三台中一台我爸爸使用。,现在我有三台的电脑，三台中还有一台给我爸爸用。
中文学习者,暑假决定了其他的事字节中心性。,我暑假决定了其他的事。
中文学习者,在日经工作在线网站刊登”在中国蜡筆小新的作者去世的报道热”,日经工作在线网站上刊登了“在中国蜡筆小新的作者去世的报道热”。
中文学习者,3月下旬，我开车上班的时候，在很小的川旁边看到20-30条的樱树。,3月下旬，我开车上班的时候，在很小的川旁边看到20-30棵樱树。
中文学习者,而且，公司的用地内有条樱树。,而且，公司的用地内有棵樱树。
中文学习者,樱花的生命很短，两三天后开始落谢。,樱花的生命很短，两三天后开始凋谢。
中文学习者,所以，以后离公司看不到樱花很近啊。,所以，以后在公司看不到离得很近的樱花了啊。
中文学习者,他8日在日本东京对记者发言为会谈的进展，北朝鲜决定积极地接触其他国家。,他8日在日本东京对记者的发言为会谈的进展，北朝鲜决定积极地接触其他国家。
中文学习者,还有现在我的韩国男的朋友也刚刚参完了军队.,还有现在我的韩国男朋友也刚刚参军结束。
中文学习者,虽然她的口语不如A好，但可以表达她愿意的。,虽然她的口语不如A好，但可以表达她的意愿。
中文学习者,我没去过真的地中海，所以我不知道、小豆岛和真的地中海那个地方一样。,我没去过真的地中海，所以我不知道小豆岛和真的地中海哪个地方一样。
中文学习者,气候合适种植油橄榄，所以小豆岛在日本收获最多、最好的油橄榄。,气候适合种植油橄榄，所以小豆岛在日本出产最多、最好的油橄榄。
中文学习者,这两个月我身体健康不好，精神压力也有了，所以那个两个小时真的是宝贵的时间。,这两个月我身体不好，精神压力也有了，所以那两个小时真的是宝贵的时间。
中文学习者,医生不管有什么惹人生气地事业不轻易发火，但有一天早上那医生为她的任性生气了。,医生不管有什么惹人生气的事都不轻易发火，但有一天早上那医生为她的任性生气了。
中文学习者,不过他真诚地考虑她的身体健康，所以做过火了。,不过他是因为认真地考虑她的身体健康，所以做过火了。
中文学习者,于是，我决定用对我来说和放假一样的这个月争取驾照一下。,于是，我决定用对我来说和放假一样的这个月争取考一下驾照的最后一关。
中文学习者,但是，今天这个日子，我们都能以情人节为借口给对方表达出来我们的爱情。,但是，今天这个日子，我们都能以情人节为借口向对方表达我们的爱。
中文学习者,我以为我不是个孩子，我该做的事我自己也知道，但是我妈妈老催我，有时候，我做什么，看我不顺眼，都对我不满。,我以为我不是个孩子，我该做的事我自己也知道，但是我妈妈老催我，有时候，我做什么看我不顺眼，她都对我不满。
中文学习者,虽然那样的气候时候，茶梅（油梅）开红的花。,虽然是那样的气候，茶梅（油梅）却开红的花。
中文学习者,今天到晚上9点半各个在各处随便转了转。,今天晚上9点半各个在各处随便转了转。
中文学习者,现在时代变了，所以吃盒饭意味着只实行古来的传统而已。,现在时代变了，所以吃盒饭只意味着施行古来的传统而已。
中文学习者,因为加工大米的价格上涨1.5倍，所以他们想日本酒的价格加价。,因为加工大米的价格上涨了1.5倍，所以他们想给日本酒的价格加价。
中文学习者,我这样出尔反尔，是不是让人见效？,我这样出尔反尔，是不是让人见笑？
中文学习者,"虽然小王是以前我们公司的同事,但是4年前独立,在上海跟老公一起设立公司.然后现在她公司跟我们公司有生意往来.","虽然小王以前是我们公司的同事,但是4年前就独立了,在上海跟老公一起设立了一家公司。然后现在她公司跟我们公司有生意往来。"
中文学习者,"但是她也很温柔很热情,我很喜欢她.","但是她也很温柔很热情,我很喜欢她。"
中文学习者,我之前有在一家办公室当过游客指导所也都带他们去看一般的地点。,我之前有在一家办公室当过导游，所以带他们去看过一般的地景点。
中文学习者,听中国人说话，特别听老人说话，他们的说法真有生动感，听着我也随她的感情既定起来。,听中国人说话，特别是听老人说话很有趣，他们的说法很有生动感，听着听着我也随她的感情激动起来。
中文学习者,考虑这样的信息我不知道任何年轻人可以买房子。,看到这样的信息我不知道哪些年轻人可以买房子。
中文学习者,你到你的家，我们停了。,我们到了他的家，我们停了下来。
中文学习者,但是开始贩卖就卖光，因此匆匆忙忙的在印刷10万部。,但是一开始贩卖就卖光了，因此匆匆忙忙的再印刷10万部。
中文学习者,所以我想经过这件事情我学到的一些东西是如下。,所以我想，经过这件事情我学到了一些东西。
中文学习者,我希望以后跟他们的相处的更愉快，更开心。,我希望以后跟他们相处得更愉快，更开心。
中文学习者,可是开暖气了总算出床了。,可是开暖气了，我总算要起床了。
中文学习者,"在学校上课时间变少了,所以我自己努力学习才行了,我最近每天都看台湾的电视连续剧,都是原来日本漫画,所以我看得惯,这是对我来说很有意思的学法,电视很有趣,每天看也不会觉得辛苦,而且可以学到很多词汇,提高听力能力","在学校上课时间变少了,所以我自己努力学习才行,我最近每天都看台湾的电视连续剧,都是原来的日本漫画,所以我看得惯。这是对我来说很有意思的学法,电视很有趣,每天看也不会觉得辛苦,而且可以学到很多词汇,提高听力能力。"
中文学习者,办好手续后，职员说;“因为明天和后天我们很忙，所以我们不能做你的手续。,办好手续后，职员说;“因为明天和后天我们很忙，所以我们不能办你的手续。
中文学习者,我看每次这个日历，如果没写日记的日子有的话，我鼓励过自己。,我每次看这个日历，如果没写日记的话，我鼓励过自己。
中文学习者,我吧开水冲了，落下了茶壶的底部。,我用开水冲了，茶叶落到了茶壶的底部。
中文学习者,让先生看着孩子，我在公园被围着红叶，听者小提琴的演奏，看书。,我让先生看着孩子，我在公园被红叶围着，听着小提琴的演奏，看书。
中文学习者,我从来到上海之前起，一直到现在，韩老师在我生活上无微不至地给我了关心和支持。,我从来到上海一直到现在，韩老师在我生活上无微不至地给了我关心和支持。
中文学习者,新上司也是个很能干的，不过刚过来，还没有把握这里的工作。,新上司也是个很能干的，不过刚过来，还没有熟悉这里的工作。
中文学习者,"中国与日本有很多好象一样的地方,比如都是用汉字,信仰佛教之类的.","中国与日本有很多一样的地方,比如都是用汉字,信仰佛教之类的。"
中文学习者,"日本人积极不说自己的看法,彼此考虑彼此的心理,然后说话.","日本人不说自己的看法,彼此考虑彼此的心理,然后说话。"
中文学习者,"所以,学好语言牵连学好汉语.","所以,学好语言牵连学好汉语。"
中文学习者,"我们这样的情况受不了,惊叹不已,大失所望,大为生气.","我们这样的情况受不了,惊叹不已,大失所望,大为生气。"
中文学习者,可有时侯使我们感到好不有意思.,可有时侯使我们感到好不有意思。
中文学习者,因为我住宿海珠广场那边的酒店，所以我想用地铁去到海珠广场。,因为我住宿海珠广场那边的酒店，所以我想坐地铁去海珠广场。
中文学习者,"然后去散步的话，思考更明显。""」","然后去散步的话，思考更明显。"""
中文学习者,今天去听讲「要四十来岁世代的身体美人ー女性的健康运动讲座ー」。,今天去听讲“要四十来岁世代的身体美人ー女性的健康运动讲座ー”。
中文学习者,跳的时候，摇的肥肉叫做皮下脂肪，这个皮下脂肪付身体很快，但是从身体除掉很难。,跳的时候，摇的肥肉叫做皮下脂肪，这个皮下脂肪附着身体很快，但是从身体除掉很难。
中文学习者,把脸向下的话，脸的肌肉也往下去，往前看笑着等脸运动使用肌肉的话，就老不起。,把脸向下的话，脸的肌肉也往下去，往前看笑着等脸运动使用肌肉的话，就不容易老。
中文学习者,我在大学生活中，我一点儿没做志愿。,我在大学生活中，我没做志愿者。
中文学习者,所以从大4起，开始志愿了。,所以从大四起，开始做志愿者了。
中文学习者,万发是一个差不多听不到的人。,万发是一个几乎听不到声音的人。
中文学习者,卖书的使劲手段恢复跟他女友的关系也没戏。,卖书的男人费尽心思想恢复跟他前女友的关系，但是都没成功。
中文学习者,但是我也一点点高兴因为两个星期后我去韩国玩儿！,但是我也有点儿高兴，因为两个星期后我要去韩国玩儿！
中文学习者,第3个门商店里我才发现很小的装在箱里的牛奶。,在第3个商店里我才发现了装在箱子里的很小的牛奶。
中文学习者,我觉得这一个月最浓厚，而且我的汉语水平急速高了。,我觉得这一个月收获最多，而且我的汉语水平飞速提高了。
中文学习者,下次我去那儿的时候，我一定要也吃面条吧！,下次我去那儿的时候，我一定要也吃面条！
中文学习者,家里准备的吃的喝的都吃喝光了以后，我们一起出去一家专门碳烤的餐厅，点了个很多的烤秋刀鱼、烤玉米、烤猪肉、烤羊肉，等等。,家里准备的吃的喝的都吃喝光了以后，我们一起去了一家专门碳烤的餐厅，点了个很大的烤秋刀鱼，还有烤玉米、烤猪肉、烤羊肉，等等。
中文学习者,上小学的小孩儿打韩国的游戏一起高高兴兴地玩儿。,上小学的小孩儿们一起打韩国的游戏，一起高高兴兴地玩儿。
中文学习者,特别，烹调活的鳗鱼很难，我能的时候高兴。,因为烹调活的鳗鱼很难，所以我学会的时候高兴。
中文学习者,两年前的地震的影响，道路半部分没有铺修，并且我坐了后面座位有点晕车了。,因为两年前的地震的影响，道路有一部分没有铺修，并且因为我坐在后面的座位上，所以我有点晕车了。
中文学习者,要不然每年胖起越来越来了，一定将来长得会病，四十岁就死了。,要不然每年越来越胖，将来一定会容易得病，有可能四十岁就死了。
中文学习者,买的时，由我的爱好决定什么种的香水买。,买香水的时候，我的爱好决定了我买什么种类的香水。
中文学习者,我常常假想：如果我装一种香水的时，跟不喜欢我的香水的人一起上电梯的话，那个人一定不舒服了。,我常常假想：如果我喷一种香水的时，跟不喜欢我的香水的味道的人一起坐电梯的话，那个人一定很不舒服。
中文学习者,有一次，还有一位比较年纪大一点男孩很明知地寡宿我们，如果那种植物的血碰人的皮肤就会非常痒。,有一次，还有一位年纪比较大一点男孩很确定地告诉我们，如果那种植物的液体碰到人的皮肤就会非常痒。
中文学习者,将来大概有人勇敢地上去问我，也许我会告诉他们它是某药。,将来可能会有人勇敢地过来问我，也许我会告诉他们它是一种药。
中文学习者,早上家里不开空调，可是从外面进来凉爽的风，就家里很凉凉，很好做运动。,早上家里不开空调，可以从外面进来凉爽的风，家里就很凉快，很适合做运动。
中文学习者,中国人是真的喜欢咖啡吗还是耐着喝？,中国人是真的喜欢咖啡吗不？
中文学习者,然后座着椅子喝了一口咖啡,然后他坐在椅子上喝了一口咖啡，
中文学习者,幸好，有的对策开始奏效，它们都有两个最重要的观点：使他们觉得去滑雪并不麻烦的事和乡下的普通生活。,幸好，有的对策开始奏效，他们都有两个最重要的观点：使他们觉得去滑雪并不麻烦和感受乡下的普通生活。
中文学习者,这样的事情就会让他们留下新鲜的印象，甚至刚刚收获的蔬菜和普通的雪风景也能使他们感动。,这样的事情就会让他们留下新鲜的印象，甚至刚刚收获的蔬菜和普通的雪景也能使他们感动。
中文学习者,但是中国庆祝春节，今天和平时一样的日子。,但是中国庆祝春节，今天是和平时一样的日子。
中文学习者,"她说『去医院,要挂水』","她说：“去医院,要挂水。”"
中文学习者,最精彩的场面是花车首先气势地前进然后在街角就那样拐弯。,最精彩的场面是花车首先气势汹汹地前进然后在街角就那样拐弯。
中文学习者,如果买东西的话，选择满说得过去的服装，但是租东西的话，可以穿着鲜艳的服装。,如果买东西的话，选择还说得过去的服装，但是租东西的话，可以穿着鲜艳的服装。
中文学习者,当时，我很骄傲地跟我父母说，我想跟他们独立找到自己的生活和野心。,当时，我很骄傲地跟我父母说，我想独立找到自己的生活和野心。
中文学习者,汉语拼音对外国人具有非常重要的一部分。,汉语拼音对于外国人是非常重要的一部分。
中文学习者,过了几年，我的母亲要去东京，带着我去在东京的我姨儿的家，在这儿呆几天。,过了几年，我的母亲要去东京，带着我去。在东京的我姨的家，呆几天。
中文学习者,我基本每天早上吃一跟香蕉喝一杯牛奶。,我基本上每天早上吃一根香蕉、喝一杯牛奶。
中文学习者,看了我现在花多少时间在玩哟戏，你不但想我不是像每个人以为上好大学的学生一样，,看到我现在花多少时间在玩游戏上面，你不但会认为我不是公认的上好大学的学生，
中文学习者,反而无论我的appearance还是我的做法都跟这被别人描画的很差。,而且无论我的外表还是我的做法都会被别人描述的很差。
中文学习者,我不是这么聪明，也没有什么好特点。,我不怎么聪明，也没有什么优点。
中文学习者,我知道我看电视，玩哟戏，听我最好的韩国歌星的几首歌耗我的时间，但我也知道我应该高高兴兴地活。,我知道我看电视、玩游戏、听我最喜欢的韩国歌星的几首歌耗掉了我的时间，但我也知道我应该高高兴兴地活着。
中文学习者,今天apple的新iPhone发表了。,今天苹果公司的新iPhone上市了。
中文学习者,如此这个名字含有“phone”，当然可以打电话和接电话。,因为这个名字含有“phone”，当然可以打电话和接电话。
中文学习者,对像我这样学外语的人来说，在外边用手机可以按中文、看中文是太方便的事。,对像我这样学外语的人来说，在外边用手机可以听中文、看中文太方便了。
中文学习者,这样的时候，对电脑不通的人把修理的话，大概弄坏。,这时候，对电脑一窍不通的人来修理的话，大概会弄坏。
中文学习者,今天我写住在中国数年间的日本人的话。,今天我写住在中国数年的日本人的事。
中文学习者,“因为你在很多年住在广州，所以你忘记了飞的字吧”,“因为你住在广州很多年，所以你忘记了飞字吧。”
中文学习者,体育是点名了以后去小卖部，然后跟朋友可以讲话的上课。,体育是点名了以后去小卖部，然后可以跟朋友讲话的课。
中文学习者,我打算作蛋糕的时候，把切好的猕猴桃放在蛋糕上而加上彩色。,我打算作蛋糕的时候，把切好的猕猴桃放在蛋糕上而增加色彩。
中文学习者,前天通过100日元商店的时候，在门口有很多帘子。,前天经过100日元商店的时候，门口有很多帘子。
中文学习者,但是因为那时我已经买带着很多东西，所以没买它回家了。,但是因为那时我已经买了并且带着很多东西，所以没买它就回家了。
中文学习者,高富士山是日本的最高的山.,高：富士山是日本的最高的山。
中文学习者,"丑我的作品很丑,我应该再做.","丑：我的作品很丑,我应该多做。"
中文学习者,这个东西可能可到达的但是需要尽力。,这个东西可能可拥有但是需要尽力。
中文学习者,而且有时候确认消费期限，如果迫近消费期限的话，喝完它后再买补充吧。,而且有时候要确认食用期限，如果迫近食用期限的话，喝完它后再买些来补充吧。
中文学习者,结果，我的暑假日记呢，起初的三天还可以，此后写的敷衍了事，有的地方完全是创作的。,结果，我的暑假日记呢，起初的三天还可以，此后写的敷衍了事，有的地方完全是编造的。
中文学习者,"这个事情使我失望，而且我的同屋也不高兴地说，""我不是动物阿""。","这个事情使我失望，而且我的同屋也不高兴地说，""我不是动物阿""。"
中文学习者,开演前，在大幕的下边儿和我的剧装放多淡香水。,开演前，在大幕的下边儿和我的剧装上多喷些淡香水。
中文学习者,我对这个那个有兴趣，而且乐天达观。,我对这个那个有兴趣，而且乐天达观。
中文学习者,虽然我没有知识但决定了自己拆开，修电脑,虽然我没有知识，但决定自己拆开来修电脑。
中文学习者,即使我学汉语，在中国不能用它。,即使我学了汉语，在中国也用不了它。
中文学习者,哪怕韩国有一家背后组织-名字叫全国体育馆黑联盟-逼着全国的体育馆播放最没素质，最骚扰人的音乐？,哪怕韩国有一家背后组织名字叫全国体育馆黑联盟，逼着全国的体育馆播放最没素质，最骚扰人的音乐。
中文学习者,我在你旁边不在的时候，如果不认识的人问你“你从哪里过来呢？”,“我不在你旁边的时候，如果有不认识的人问你‘你从哪里过来的？’
中文学习者,对她说话完后，我快回家把洗晒的衣服拿进来了。,对她说完话后，我赶快回家把晾晒的衣服拿进来了。
中文学习者,大家好～这是我第一篇文章在这边……,大家好，这是我在这边的第一篇文章……
中文学习者,我没想学汉语了可是我要！,我不想学汉语了可是我还是得学！
中文学习者,我们也上升了那家那样的气氛。,我们也达到了那样的气氛。
中文学习者,因为她丈夫结婚了到最近在经济方面一直有不负责任的态度，家庭的债务超过一亿韩元不止一两次了。,因为她丈夫结婚后在经济方面一直抱有不负责任的态度，家庭的债务超过一亿韩元不止一两次了。
中文学习者,最重要的是花钱比赚钱很少。,最重要的是花钱比赚钱少。
中文学习者,我没学过的怎么说中国成语，虽然你的句子不是一个成语//.,我没学过怎么说中国成语，虽然你的句子不是一个成语。
中文学习者,其中尤以我感动的是24个小时一直跑步的女性。,其中尤其让我感动的是24小时一直跑步的一位女性。
中文学习者,最近我看过两个作文关于美国人很小气的。,最近我看过两篇关于美国人很小气的作文。
中文学习者,在日本有特别的，日本人造成的汉字。,在日本有特别的，日本人创造的汉字。
中文学习者,日本人民非常期待这个赛季。,日本人民非常期待这个季节。
中文学习者,有男孩子的家庭装点武士玩偶和盔甲。,有男孩子的家庭会装点武士玩偶和盔甲。
中文学习者,横滨是从以前贸易繁盛，国际的城市。,横滨以前就贸易繁盛，是国际大都市。
中文学习者,比如说我可以介绍以下怎么用一些英语的俚语。,比如说我可以介绍一下如何使用一些英语的俚语。
中文学习者,"女人「一般对说,肉不是猪肉吗?」",女人回答说：“一般说的肉不是猪肉吗?”
中文学习者,大概我要做好下星期一。,大概我要下星期一做好。
中文学习者,去外面、看得到圆圆的月亮。,在外面看得到圆圆的月亮。
中文学习者,可是，他的这个周末过得很一溜烟。,可是，他的这个周末一溜烟得过了。
中文学习者,有外观白色的海参墙的风趣的印象深刻的建筑物。,有外观白色的海参墙风趣的印象深刻的建筑物。
中文学习者,‘他再说一遍了，不过也听不董。,他又说一遍了，不过我也听不董。
中文学习者,所以我给他说‘对不起，我是韩国人。,所以我给他说：‘’对不起，我是韩国人。
中文学习者,阿~以后我们一点聊天了。,啊以后我们一点聊天吧。
中文学习者,因为用小学校的体育馆，由于瑕疵为保护地板，体育馆的地板上铺几张苫布了。,因为用小学校的体育馆，由于瑕疵为保护地板，体育馆的地板上铺了几张苫布。
中文学习者,我期待着去中国，从我小的时候我对中国很感好奇心。,我期待着去中国，从我小的时候我对中国很有好奇心。
中文学习者,我的街道居民委员的所有的事正在就完了。,我的街道居民委员的所有的事就完了。
中文学习者,我很喜欢这两语言，对亚洲很感兴趣。,我很喜欢这两种语言，我对亚洲很感兴趣。
中文学习者,可惜，我把中国的事情知道了很少。,可惜，我对中国的事情知道的很少。
中文学习者,我不知到什么发生在中国.,我不知道在中国发生了什么。
中文学习者,我最熟悉的城市一定是米兰，我从出生时住的城市。,我最熟悉的城市一定是米兰，因为那是我从出生时就住的城市。
中文学习者,然后我出去了饭店，先去市观光询问处，问怎么去明天我打算参加的演唱会的会场，但是我连那个市观光询问处也找不到。,然后我出了饭店，我先去了市观光询问处，问怎么去明天我打算参加的演唱会的会场，但是我连那个市观光询问处也找不到。
中文学习者,我从我的很高很宽的宿舍往学校开走到教室去上课的时候，我要过那边附近的一条壮观的大桥。,我从我的很高很宽敞的宿舍往学校走，走到教室去上课的时候，我要经过那附近的一座很壮观的大桥。
中文学习者,到安全措施做好、除了灾区核电站以外、,直到安全措施做好，除了灾区核电站以外，
中文学习者,"要是我几天睡觉8小时以下的时候,我渐渐觉得很累。",要是我连续几天睡不够8小时的话，我会觉得很累。
中文学习者,人生的意义在哪儿，在自问和探究那个答案的过程中，人可以做到更加宝贵的人生。,人生的意义在哪儿，在自问和探究那个答案的过程中，人可以收获更加宝贵的人生。
中文学习者,读书是，依靠着写那本书的著者，我们的想法被容易拉走去。,读书是依靠着写那本书的作者，我们的想法容易被拉走。
中文学习者,古时是供没到成年的男女穿的，现在则为没婚女性的正式礼服。,古时是供没到成年的男女穿的，现在则为未婚女性的正式礼服。
中文学习者,我觉得如果从现在起也想住在地球上，就要我们需要再重新考虑吧。,我觉得如果从现在起想好好地住在地球上，我们需要再重新考虑。
中文学习者,如果我学好很多成语，随便使用的话，我想能够表达的内容飞跃地增加。,如果我学会很多成语，自如使用的话，那么我想能够表达的内容会迅速增加。
中文学习者,在画画课里我们画画2的学生这两个礼拜在用丙烯酸漆(acrylicpaints?),在画画课上我们学画画的学生这两个礼拜在用丙烯酸漆。
中文学习者,之前初中的时候我得没机会修画画课.,之前初中的时候，我没机会修画画课。
中文学习者,因为天气冷，公路上的雪不可以融化。,因为天气冷，公路上的雪不会融化。
中文学习者,我希望韩国人全部高兴过春节。,我希望所有韩国人高高兴兴地过春节。
中文学习者,于是，另一是突然我的上司被人事调动了。,同时，另一位是我的上司突然被人事调动了。
中文学习者,半个月以前她应为压力昏迷了，那时她被救护车搬移医院了。,半个月以前她因为压力晕倒了，那时她被救护车送去医院。
中文学习者,妈妈回老家，我也回家。,妈妈回老家，我也回家去了。
中文学习者,日常生活中老人会对美好的传统和智慧教孩子们。,日常生活中老人可以用良好传统和智慧教育孩子们。
中文学习者,比如，社会养老时，老人通过社会活动感到自存感，返老还童。,比如，社会养老时，老人通过社会活动感受到自我价值，能够返老还童。
中文学习者,如果父母去养老院，那么，他们就容易割断关系，只会物质上的补助。,如果父母去了养老院，那么，他们就容易切断联系，只会给予物质上的补给。
中文学习者,"我深刻的思考中,我不知道继续工作。",我认真地思考着我是否继续工作。
中文学习者,我听懂老师讲的话，看懂内容，但是口语很差。,我听得懂老师讲的话，看得懂内容，但是口语很差。
中文学习者,所以今天我发表的时候，不那么紧张，充分地发挥我的能力。,所以今天我做报告的时候，没那么紧张，充分地发挥了我的能力。
中文学习者,西的有五線譜，中国的有数！,西方的有五线谱，中国的有数字！
中文学习者,但是因为他感到头晕，为了检查脑还有一个星期延长住院。,但是因为他感到头晕，需要检查脑部，还要延长住院一个星期。
中文学习者,其实，明天就要考试，再学我不想，但不学也不好，所以我还是觉得在这儿写一篇文章比较好，这样还能希望有一天我的老师会来到这个地方看到我成千上万写的文章而她会说：其实，伊娃，这个女孩儿挺不错的呀，虽然古代汉语学得不怎么样，但是看起来她还是挺认真的。,其实，明天就要考试了，我不想再学了，但不学也不好，所以我还是觉得在这儿写一篇文章比较好，这样还能希望有一天我的老师会来到这个地方看到我写的成千上万篇文章而她会说：“其实，伊娃这个女孩儿挺不错的呀，虽然古代汉语学得不怎么样，但是看起来她还是挺认真的。”
中文学习者,现在我很想念那时，还有想朋友,现在我很想念那段时光，还想我的朋友。
中文学习者,景况是非常坏，但是燃料附加运费是低廉从四月。,情况非常坏，但是燃料附加运费从四月开始变得低廉。
中文学习者,还有对我来说也她们说的话题没有那么复杂的中文，所以我感觉轻松多了。,还有对我来说她们说的话题没有那么复杂的中文，所以我感觉轻松多了。
中文学习者,为了得到自己最想要的事情，我们常常非奋斗不可，可是我认为，如果对我们它们很重大，很值得奋斗。,为了得到自己最想要的东西，我们常常得非奋斗不可，可是我认为，如果对我们来说它们很重要，很值得奋斗。
中文学习者,听说现在他们接受很多邀请，把唱歌和跳舞发表出来。,听说现在她们接受很多邀请，把唱歌和跳舞表现出来。
中文学习者,他爸爸是老师，父母属于中产阶级：他是由于自己的事业天才发财的。,他爸爸是老师，父母属于中产阶级；他是由于自己的事业天赋发财的。
中文学习者,我练习多长变得很棒吧？,我练习多久能变得很棒呢？
中文学习者,其实小学生嘛，放假后还得去参加学校的各种业余活动，暑假前我已经申请过社区举办的活动等，虽然放假也没有呆在家里的时间。,其实小学生嘛，放假后还得去参加学校的各种课余活动，暑假前我已经申请过社区举办的活动等，虽然放假也没有呆在家里的时间。
中文学习者,决定想做一件事就做到。,决定要做一件事就会做到。
中文学习者,我想那时候一定修好了吧。,我想那时候一定治好了吧。
中文学习者,文化在艺术，歌剧，舞蹈，书法和生活出现。,文化在艺术，歌剧，舞蹈，书法和生活中体现。
中文学习者,确实的中国朋友往心里去你。,真正的中国朋友把你放在心里。
中文学习者,我们不见为了可以练习中文或英文，而去玩儿，跟简单的朋友一样。,我们为了可以练习中文或英文，而一起去玩儿，跟平常的朋友一样。
中文学习者,忙不忙，都找到时间做运动！,忙不忙，都找到时间做运动！
中文学习者,这么长时间没发博文的原因第一是我忘了新浪的登录名，第二是准备考试，考完后去了十多天的旅游。,这么长时间没发博文的原因第一是我忘了新浪的登录名，第二是准备考试，考完后去旅游了十多天。
中文学习者,"他说“这是""腹股沟疝""，手术以外没有办法，但不急手术，可是鼓出的部分里面血液没有流的话，一会儿腐烂，就性命相关，马上要手术”。","他说“这是""腹股沟疝""，除了手术以外没有办法，但一般不急着手术，可是鼓出的部分里面血液不流动的话，不久病灶可能就会腐烂，就性命相关，要马上手术。"
中文学习者,当天手术可以，可是下午手术开始，医生说一天住院更好。,手术当天可以出院，可是我的手术下午开始，医生说住一天院更好。
中文学习者,手术的当天，我床上躺着的时，最初看我病的年轻的医生来招呼。,手术的当天，我在床上躺着的时候，最初给我看病的年轻的医生来跟我打招呼。
中文学习者,我心里想“哎呀～，我是年轻的医生的手术练习台呢？”,我心里想“哎呀～，我是年轻的医生的手术练习对象呢？”
中文学习者,在这场里，有人到在北京的高档迪斯科舞厅去采访着有些顾客，在包厢里有漂亮的姑娘和七个(比较)帅哥。,在这场节目里，有人到北京的高档迪斯科舞厅去采访顾客，包厢里有一个漂亮的姑娘和七个帅哥。
中文学习者,"一个人说""他的父母给他一张信用卡，他总是能使用这张，每月花2，3万元""。",一个人说他的父母给他一张信用卡，他能使用这张卡每月花2，3万元。
中文学习者,我看见了那个女学生准备关于旅行等的几个句子，这个句子没有很大的错误。,我看见那个女学生准备了几个关于旅行的句子，这些句子没有很大的错误。
中文学习者,所以，至于称呼别人的方面，韩国人也对这个部分觉得很难，一些部分给她说明了。,所以，在称呼别人方面，韩国人也觉得这个部分很难，所以挑了一部分给她说明了。
中文学习者,结果，老板领得许可我们进去他的餐厅吃自带饭菜，我们买喝酱汤和咖啡。,结果，老板允许我们进他的餐厅吃自带饭菜，我们买了酱汤和咖啡。
中文学习者,然后我们去云仙山，云仙山是一坐火山，最近喷发得很严重，因此几个人失去生命了。,然后我们去了云仙山，云仙山是一坐火山，最近喷发得很严重，因此几个人失去了生命。
中文学习者,他们在3月和11月进行坐巴士去散步远方。,他们在3月和11月坐巴士去远方散步。
中文学习者,后来向南也下车而说，”你什么时候把你拽人的毛病改了？,后来向南也下车说：“你什么时候能把你拽人的毛病改了？”
中文学习者,听到很聪明的脑子灵敏的女人就想起来没什么好看的女人吧。,一听到脑子聪明的、灵敏的女人就想起来不怎么好看的女人吧。
中文学习者,与此相反，非常漂亮的女人脑子转的不快的形象。,与此相反，非常漂亮的女人脑子转的不快。
中文学习者,最近我的妈妈的生日了。,最近，我妈妈的生日到了。
中文学习者,爸爸一看挂历，再沉默得一点头了。,爸爸一看挂历，沉默得点了点头。
中文学习者,我爸爸在家总是没做什么，每天去玩儿，不帮助我们的家务。,我爸爸在家总是不做什么，每天去玩儿，也不帮助我们做家务。
中文学习者,我从小就得了过敏性鼻炎，整天流鼻涕、打喷嚏、眼睛红了。,我从小就得了过敏性鼻炎，整天流鼻涕、打喷嚏、眼睛都红了。
中文学习者,节目主持人说，“在短期内喝一点不行，天天要多喝，而且从长期的角度来看，大家试试吧”。,节目主持人说，“在短期内喝一点不行，要天天多喝，而且从长期的角度来看，大家试试吧”。
中文学习者,去关西大学半路上的马路上拥挤。,去关西大学的马路上很拥挤。
中文学习者,并且还有我爱好是电脑，我能自己去组装电脑。,并且我爱好组装电脑，我能自己去组装电脑。
中文学习者,超过100卷的小说guinsaga也是未完。,有着超过100卷的小说，guinsaga也是未完。
中文学习者,我不知虽然那么长时间躺着看电视，却还想睡~~。,我不知虽然那么长时间躺着看电视，却还想睡。
中文学习者,她把一两本书带到妈妈去。,她把一两本书带到妈妈那边去。
中文学习者,"和妈妈，哥哥在一起过日子,短不了要红个脸,争句嘴没有我的时间。","和妈妈、哥哥在一起过日子,少不了要红个脸,争句嘴。"
中文学习者,不过我的妈妈说：女人找好男人，和他结婚就可以,不过我的妈妈说：女人找个好男人，和他结婚就可以了。
中文学习者,但我不这样想我自己的生就是自己。,但我不这样想，我自己就是我自己。
中文学习者,我慢慢锝上升拳击比赛开始的时候到了5.0km/h。,我慢慢地上升，拳击比赛开始的时候到了5.0km/h。
中文学习者,真对不起，你的照相机让我坏了。,真对不起，你的照相机让我弄坏了。
中文学习者,我刚刚写了好长一个博克，不过不小心删掉了。,我刚刚写了好长一个博客，不过不小心删掉了。
中文学习者,很多的大人说卡通片是很坏，引起孩子模仿卡通片的人。,很多的大人说卡通片是很坏，引诱孩子模仿卡通片的人。
中文学习者,既然决定在北京继续学习点儿，就去出入境延期签证。,既然决定在北京继续学习，就去出入境延期签证。
中文学习者,对我来说，那个加十天很幸亏的。,对我来说，那个加十天很幸运的。
中文学习者,–我不是道怎么说twiter，minihompy。,我不是道怎么说twiter、minihompy。
中文学习者,我很羡慕他们的在博客坦白，也流利地写自己想法表现能干和上在博客漂亮，也各种的照片，画装饰才气。,我很羡慕他们的在博客坦白，也能流利地写下自己想法，在博客上表现能干和漂亮，各种的照片和装饰画很显才气。
中文学习者,到这个月末，我在这个第一份工作里上班正好一年了。,到这个月末，我在第一份工作这里上班正好一年了。
中文学习者,虽说我已经习惯了同时做不少，不同的项目，但是公司给我的工作量真是无法一个人去做了。,虽说我已经习惯了同时做不少不同的项目，但是公司给我的工作量真是无法一个人去做了。
中文学习者,可是，几个月的工作量多的那么厉害，让我压得喘不过气来以后，我有时候怀疑了自己的激情。,可是，几个月的工作量多得那么厉害，压得我喘不过气来以后，我有时候怀疑自己的激情。
中文学习者,几天前，日本的行政机关一部门宣布为了增加外国观光客的新活动方针，把重点放在亚洲上，为了吸引亚洲观光客，起用男性偶像团体「嵐」。,几天前，日本行政机关的一部门宣布增加外国观光客的新活动方针，方针把重点放在亚洲上——为了吸引亚洲观光客，起用男性偶像团体“岚”。
中文学习者,那里是很普通的海岸，当然那里附近的人去游泳。,那里是很普通的海岸，当然那里附近的人去游泳。
中文学习者,它是公猫，所以得去势手术，很可怜！,它是公猫，所以得去做手术，很可怜！
中文学习者,不过一日我20点左右到了桃园机场。,不过第一天我20点左右才到桃园机场。
中文学习者,还有，三日我早上10点应该到了机场。,还有，第三天早上我应该10点到机场。
中文学习者,我觉得那个理由是在那儿有急剧的经济变化，所以很多建筑表现着那样的差距。,我觉得那样理由是那儿的经济有很大的变化，所以在很多建筑上表现出了发展的差距。
中文学习者,我开车去桃园机场的时候，看到了在那边被兴建着高速道路。,我开车去桃园机场的时候，看到了在那边正在建着高速公路。
中文学习者,顺便说，为时差奥运做半夜，所以不得了看。,顺便说一句，因为时差奥运在半夜，所以不能看了。
中文学习者,神社里很宽，人有很小。,神社里很宽敞，人也很少。
中文学习者,我马上对我的膝拓药了。,我马上给我的膝盖上药。
中文学习者,可是还是不一样的部分也很多，所以，我对中国包括国民性有兴趣。,可是不一样的部分也很多，所以，我对中国特别是国民很有兴趣。
中文学习者,为什么这么奇怪的味道，，，当然中国朋友门中也有不喜欢月饼的人对不对？,为什么有这么奇怪的味道？当然中国朋友中也有不喜欢月饼的人，对吧？
中文学习者,我喜爱哲学，可是我不知道如果我应该学习哲学。,我喜爱哲学，可是我不知道如何学习哲学。
中文学习者,上个月末我吃炸土豆棒的时候，前下面的牙有点扎。,上个月底我吃炸土豆条的时候，前面的牙有点儿扎。
中文学习者,最近有时候这样，所以我想给牙科看一看。,最近有时会这样，所以我想去牙科看一看。
中文学习者,如果天气预报是不好的话，我们就想去了。,如果天气预报是不准的话，我们想就可以去。
中文学习者,走的时候雨下地很少，有时候我们能看太阳了。,走的时候雨下的很少，有时候我们能看见太阳。
中文学习者,我们吃了香鱼的加盐烤。,我们吃了香鱼的加盐烤。
中文学习者,"播放得很快,她一言也听不懂,而且写的东西差不多看不懂,",广播播放得很快，她一句也没听懂，而且写的东西几乎都看不懂。
中文学习者,"她也是很苗条.个子很高,她的腿很长!",她很苗条，个子很高，她的腿很长!
中文学习者,她的手机的大头贴(待受け画面、我不知道中文怎么说）是水户黄门的徽章.,她的手机的大头贴(待受け画面、我不知道用中文怎么说）是水户黄门的徽章。
中文学习者,听说一部分的中国人有小时的名字.很不可思议.,听说一部分的中国人有乳名，很不可思议啊！
中文学习者,好像乌鸦都以前发现到铁丝衣架不但很有用，而且很容易找到和收集。,好像乌鸦都发现铁丝衣架不但很有用，而且很容易找到、收集。
中文学习者,从小时候我就跟我外婆做简单的菜，比如来说意大利面，家常饼还有种类的点菜。,从小的时候我就跟我外婆做简单的菜，比如说意大利面、家常饼还有其他种类的菜。
中文学习者,在日本，由于在大城市的房子非常贵，只在一对夫妇买自己住的房子时，丈夫的父母和妻子的父母都能免税地给他们规定的钱数。,在日本，由于大城市的房子非常贵，一对夫妇只有在买自己住的房子时，丈夫的父母和妻子的父母才能免税地给他们规定的钱数。
中文学习者,如果人们继承祖先的房子，很多人都认为祖先辛苦得获得土地和房子，应该维护它们。,如果人们继承祖先的房子，很多人都认为是祖先辛辛苦苦才获得的土地和房子，应该维护它们。
中文学习者,我很开心跟他们说话了，不过导游真的不容易的工作啊。,我很开心跟他们说话了，不过导游真的是不容易的工作啊。
中文学习者,所以用随便选择的工作时间的制度，工作开始1点，结束7点的话，差两个小时。,所以用随便选择的工作时间的制度，工作1点开始，7点结束的话，差两个小时。
中文学习者,以后很多月被煎熬，那大雪纷飞了。,以后经历了很多月被煎熬，大雪纷飞了。
中文学习者,我不怕别人指出我的错误，误会改正，我的汉语水平会变更好。,我不怕别人指出我的错误，我会改正，我的汉语水平会变得更好。
中文学习者,"特别是,在实际生活中,有一门语言的文化内涵的背景,充分在这种语言理解才想要表达的深意或双重的意义才能完全理解了。",特别是，在实际生活中，有一门语言的文化内涵的背景，充分理解这种语言想要表达的深意或双重的意义才能完全理解。
中文学习者,在很小的国土[面积里]，人口逐渐增加了，不得不住在跟养鸡场一样一层一层堆（/垛）起来的这样的居住形态的公寓大楼里，虽然很便利在先，但是考虑到人的本质（/本性）和未来，这绝不是理想的居住空间。,在很小的国土面积里，人口逐渐增加，人们不得不住在跟养鸡场一样一层一层堆（/垛）起来的这样的居住形态的公寓大楼里，虽然很便利，但是考虑到人的本质（/本性）和未来，这绝不是理想的居住空间。
中文学习者,如果处于像吃不起饭那样的贫困的处境的话，我当然能理解腐败的原因，但是生活得很富裕的人却都堕落在了黑钱前，‘苹果箱子’的威力到底到了什么程度，使得大家都沦为这样子、这模样呢？,如果处于像吃不起饭那样的贫困的处境的话，我当然能理解腐败的原因，但是生活得很富裕的人却都堕落在了黑钱前，“苹果箱子”的威力到底到了什么程度，使得大家都沦为这模样呢？
中文学习者,*我想知道，回忆起把自己的名誉像命一样恪守来刚强（/刚直）地生活过的我们祖先的士人精神，作为沦为钱奴的后代，我们能站在哪里。,*我想知道，回忆起我们祖先的把自己的名誉像命一样恪守来刚强（/刚直）地生活的士人精神，作为沦为钱奴的后代，我们能站在哪里。
中文学习者,父母吃惊的跑过来扶起他，幸运的是孩子没有很大的伤口，但是，他们看到在头发之间冒尖出来的黄金碎片，才发现他们的孩子有装着黄金的脑子。,父母吃惊地跑过来扶起他，幸运的是孩子没有很大的伤口，但是，他们看到在头发之间冒出尖来的黄金碎片时，才发现他们的孩子有装着黄金的脑子。
中文学习者,现在农事也被以为像经营企业似的，因为要考虑到划得来划不来。,现在农事也被以为像经营企业似的，因为要考虑到划得来划不来。
中文学习者,人们靠近土地，而没有学会土地具有的那样的德和生命秩序，这对土地不好意思，而且也是辜负土地的恩的事情。,人们靠近土地，而没有学会土地具有的那样的德和生命秩序，这对土地不够尊重，而且也是辜负土地的恩情的事情。
中文学习者,一天我们有空儿，我们要去王府井参加，也买东西。,有一天我们有空儿，就去了王府井参观，还买了东西。
中文学习者,我小时，大人经常在屋子里、公交车上、以及火车车间上吸烟过。,我小时候，大人经常在屋子里、公交车上、以及火车车间上吸烟。
中文学习者,从今天到5月，礼拜天以外没有什么放假，怎么能开心地活呢？,从今天到5月，除了礼拜天以外没有什么假期了，怎么能开心地活呢？
中文学习者,上次我跟她见面的时候她说她想跟喜欢的男人吃饭，他们还没有男女朋友！,上次我跟她见面的时候她说她想跟喜欢的男人吃饭，他们还没有男女朋友！
中文学习者,"如果用过全日空的人请告诉我,对你们来说,他们的服务怎么样?","搭乘过全日空的人请告诉我,对你们来说,他们的服务怎么样?"
中文学习者,虽然他们觉得汉语很有意思的外语，他们也觉得四声太难。,虽然他们觉得汉语很有意思，但他们也觉得四声太难。
中文学习者,我还有生气，有的我的同学不想负责他们自己的目标。,我有点生气，有的同学不想对他们自己的目标负责。
中文学习者,"我吃的时候,每次一定把鸡蛋,大葱,酱油和芥末放在纳豆里,","我吃的时候,每次都一定要把鸡蛋,大葱,酱油和芥末放在纳豆里,"
中文学习者,从我小时候我父母都工作，所以我就天天帮忙做家务，照顾小妹妹和弟弟。,小时候我父母都要工作，所以我就天天帮忙做家务，照顾小妹妹和弟弟。
中文学习者,十二月前我尽多想进步的水平~~,十二月前我尽可能想多进步。
中文学习者,我把7门的考试终于考完了，七门，不多可是这次考试我特别讲究想取得好成绩，,我7门的考试终于考完了，七门，不多。可是这次考试我特别想取得好成绩，
中文学习者,昨天我跟两个男的朋友见面，才一年终于见面。,昨天我跟两个男性朋友见面，隔了一年终于见面。
中文学习者,我们三个人和以前一致，没有特别的，还很舒服有意思。,我们三个人和以前一样，没有特别的，还是很舒服、有意思。
中文学习者,女的朋友对我说对比起，因自己发生了太麻烦的事情。,那个女性朋友对我说自己发生了比较麻烦的事情。
中文学习者,这种售货机在韩国没有而且孩子们都喜欢橙子，所以虽然价格贵一些孩子们都尝尝。,在韩国没有这种售货机，而且孩子们都喜欢橙子，所以虽然价格贵一些孩子们都可以尝尝。
中文学习者,日本人初中时候学习“春望”“静夜思””送元二使安西”等的唐诗。,日本人初中会学习“春望”、“静夜思”、”送元二使安西”等的唐诗。
中文学习者,其中，孟浩然的「春暁」。,其中，还有孟浩然的“春晓”。
中文学习者,因为常常把这首［春眠不觉晓］的部分用睡懒觉的借口。,因为常常把这首“春眠不觉晓”的部分当作睡懒觉的借口。
中文学习者,我以前着的文章不怎么样。,我以前看的文章不怎么样。
中文学习者,"下个星期我每天都学西语了,没学汉语.","下个星期我每天都学西班牙语,不学汉语."
中文学习者,英语和西的语法象得多.,英语和西班牙语的语法很像。
中文学习者,"压岁钱的习惯本来“岁""`和”祟“是阶音，","压岁钱的由来：本来“岁""`和”祟“是谐音，"
中文学习者,当时我很生气地说；“你真了不起，有什么不好吃啊，就是你嘴刁，哼，别吃！”,当时我很生气地说：“你真了不起，有什么不好吃啊，就是你嘴刁，哼，别吃！”
中文学习者,今天我看了一个话，这是关于奥林匹克的选手。,今天我看了一句话，是关于奥林匹克的选手。
中文学习者,但是从今天不能常见面。,但是从今天起不能常见面。
中文学习者,这次的训:　健康与一点点的好奇心是打开对新的世界的门的钥匙。,这次的训:　健康与一点点的好奇心是打开新世界的门的钥匙。
中文学习者,我的中文课有十三人，六个男和七个女。,我的中文课有十三个人，有六个男生和七个女生。
中文学习者,"我在神户外大学习,在神户很多中国人,我昨天下课后坐地铁的时候看了一位中国人学习日语",我在神户外大学习，在神户有很多中国人，我昨天下课后坐地铁的时候看到了一位中国人在学习日语。
中文学习者,"我一看就有好奇,偷偷地看了他的课本.",我就有点儿好奇，偷偷地看了一下他的课本。
中文学习者,我想没有这个网站的话，我不会学习这样开心。,我想没有这个网站的话，我不会学习的这么开心。
中文学习者,下星期天我参加HSK了。,下个星期天我就要参加HSK考试了。
中文学习者,"我说东京是一个很干净的地方的时候，看起来许多人不相信我，要不不会理解""干净的城市""是什么意思。","我说东京是一个很干净的地方的时候，看起来许多人不相信我，要不就是不理解""干净的城市""是什么意思。"
中文学习者,她每周参加打太极拳的时候，跑长跑去体育馆。,她每周打太极的时候，长跑去体育馆。
中文学习者,"所以我也好好加油的,不要放弃,我发誓一定会当空姐的~~!","所以我也要好好加油,不放弃,我发誓我一定会当上空姐的!"
中文学习者,"只是···我听说过有人说:""善有善报、恶有恶报。""",只是，我听有人说过:“善有善报，恶有恶报。”
中文学习者,韩国的朋友门都用功学习.,韩国的朋友们都在用功学习。
中文学习者,(繁体呢，看懂是看懂，不过比简体需要更长时间。,繁体呢，看懂是能看懂，不过比看懂简体需要花更长时间。
中文学习者,不过比如说，我对听者说，他不认识的某一个人的话的话，他指这个人说话时，绝对用その人,不过比如说，我对听者说，他不认识的某一个人的话，他指这个人说话时，绝对用その人。
中文学习者,却，我对听者说，他也认识的某一个人的话的话，他指这个人说话时，绝对用あの人,然而，我对听者说，他也认识的某一个人的话，他指这个人说话时，绝对用あの人。
中文学习者,人们因为每天听见现在的日本经济情况最近百年内最不好，所以非常担心他们的将来，觉得他们必须节省开支。,人们因为每天听见现在的日本经济情况是近百年内最不好的，所以非常担心他们的将来，觉得他们必须节省开支。
中文学习者,老家从来给我的安全感会完全泯灭。,老房子一直以来给我的安全感会完全消失。
中文学习者,虽然那次危险安全地过去了，但我还认为我那段时间在恐惧下才明白如何是重要的。,虽然那次风波平安地过去了，但我还认为我那段时间在恐惧下才明白什么是重要的。
中文学习者,星期中看那么多人在城市中心逛街不很平常的,工作日看那么多人在城市中心逛街很不平常。
中文学习者,其实我们的动机没有那么有志，只想去玩一玩而躲开华盛顿一段时间。,其实我们的动机没有那么强烈，只想去玩一玩来躲开华盛顿一段时间。
中文学习者,在路上的时候我们说到我们在三个小时之后会赚到的大量钱，而想到能把那些钱花在什么东西。,在路上的时候我们说我们在三个小时之后会赚到大钱，而且想到能把那些钱花在买什么东西上面。
中文学习者,一下子我们对互相很生气，怪互相；到底谁以为再赌博会是个好主意？,一下子我们互相生彼此的气，互相责备，到底是谁认为再次赌博是个好主意的？
中文学习者,我一定被她鼓舞的因为我学她拿来我自己的四百块，跟着她走到轮盘赌。,我一定被她影响了，因为我学她取出我自己的四百块，跟着她走到轮盘赌。
中文学习者,"不过,下雨的时候,阴沉的天气会令人沉闷.","不过,下雨的时候,阴沉的天气会令人沉闷。"
中文学习者,“多咬减肥法”开发的是一位医生叫坂田利家教授，,开发“多咬减肥法”的是一位医生叫坂田利家教授，
中文学习者,但坦白的的说，从初次开始我对这个公司没什么想法了。,但坦白的的说，刚开始我就对这个公司没什么想法了。
中文学习者,可由于现在是房价的期间，所以门卫不让我们进去校园里面。,可由于现在是放假期间，所以门卫不让我们进校园里面。
中文学习者,总之，今天是交在这儿当地的朋友的第一天！,总之，今天是在这儿交当地朋友的第一天！
中文学习者,不是我来晚而是你来早！,不是我来晚而是你来早了！
中文学习者,"这次喷火是很小的,但是那山以于有很大的喷火的可能性.",这次喷的火很小，但是那座山以后有很大的可能性会喷火。
中文学习者,"喷火时的火山灰连在东京,横滨会看到了.",喷火时的火山灰蔓延到东京，横滨也看到了。
中文学习者,对我来说，听说开始秋分的季节，第一次想起来能吃萩饼的事情。,对我来说，听说秋分开始的时候，我才第一次想起来吃萩饼的事情。
中文学习者,当然，这也不是完全有效果，不免让人看刺青。,当然，这也不是一定有效果，难免让人看到刺青。
中文学习者,我交了朋友我知道一个网站，那边可以网上聊天今天第一次用的。,我交了个朋友，因为我知道一个网站，那边可以网上聊天，今天第一次用。
中文学习者,“互联网破坏文化人经验了的东西，再不能感动如果根据互联网，体验了世界，孩子丢失今后的世界的全部”,“互联网破坏了文化人体验了的东西，让他们再不能感动。如果依赖互联网，体验了世界，孩子会丢失今后的世界的全部”
中文学习者,他这样考虑“「信」是什么吗?那个不是自己知道那自己不知道不知道，随意地能插入自己的理想”,他这样考虑“‘信’是什么呢?那个不是自己，自己不知道，能好好地实现自己的理想”
中文学习者,他在暗的房间这样考虑“为了明确我的意识，必须破坏全部一次”,他在昏暗的房间这样考虑“为了明确我的意识，必须彻底破坏一次”
中文学习者,"""三，人对不能组织拼图玩具的碎片，觉得不幸。""","""三，人不能组装拼图玩具的碎片，会觉得不幸。"""
中文学习者,在这个餐厅喝酒以后同事们一起去台球场。,在这个餐厅喝了酒以后同事们一起去了台球场。
中文学习者,这里提一个理由日本人喜欢八德「仁、義、礼、智、忠、信、孝、悌」,这里提一个理由，日本人喜欢八德：“仁、義、礼、智、忠、信、孝、悌”。
中文学习者,像是中国旅行的礼物是什么？,像是到中国旅行的礼物有什么？
中文学习者,（但是不知道什幺时候给我联系，不会等回答吧！）,（但是不知道什么时候跟我联系，不会等不到回答吧！）
中文学习者,还没试试看用skype....,还没试试看用skype……
中文学习者,"看了""孙文""以后我觉得可以抱希望。","看了""孙文""以后我觉得充满希望。"
中文学习者,一九八三年我的父亲在一个银行工作，现在他还在那里攻作。,一九八三年我的父亲在一个银行工作，现在他还在那里工作。
中文学习者,这是把一个土豆蒸切十文字，和一盒黄油一起提供。,这家店提供一个切成十字的蒸土豆和一盒黄油。
中文学习者,客人觉得剩下的黄油大概再用。,客人觉得剩下的黄油可以再用。
中文学习者,没有原形和溶化的液体是在四角的金属容器被放，温用热水。,没有原形和融化的液体放在四角的金属容器里，用热水温。
中文学习者,他代替把备用轮胎安装还我车。,他把备用轮胎安装好就把车还我了。
中文学习者,收拾伞的时候，有些恰巧路过的人打招呼他们说谢谢。,收拾伞的时候，有些恰巧路过的人向他们打招呼说谢谢。
中文学习者,那是个真可爱的孩子们。,孩子们真可爱。
中文学习者,螺旋型通货紧缩的是我们只买便宜的东西→公司不太利润→工资变溅落→只买便宜的东西→以后，反复。,螺旋型通货紧缩指的是我们只买便宜的东西→公司利润不多→工资变低→只买便宜的东西→以后，反复循环。
中文学习者,这个学校是日本和中国的政府建立的，根据小册子在学校老师一百多，还有学校的管理严格。,这个学校是日本和中国的政府建立的，小册子介绍了一百多名在校老师，还有学校的严格管理政策。
中文学习者,因为我去年在清华大学的对外汉语教育中心上学，那个学校管理比较乱，老师质量的差别很多，有的老师教育方法很好，作业也有，有的老师教育方法很差，作业没有，下课立刻回家，不管学生有没有提问。,因为我去年在清华大学的对外汉语教育中心上学，那个学校管理比较乱，老师质量的参差不齐，有的老师教育方法很好，也有布置作业，有的老师教育方法很差，没有作业，下课立刻回家，不管学生有没有提问。
中文学习者,"我先做旅游,然后暂且归国日本,重新回回中国。","我先旅游,然后暂且归国（日本）,重新回到中国。"
中文学习者,然后把黄瓜切像红萝卜。,然后把黄瓜切得像红萝卜一样。
中文学习者,虽然树下不过天气已经35度，收拾行李后我和我爱人已经浑身出汗了。,虽然在树下，不过天气已经35度，收拾行李后我和我爱人已经浑身出汗了。
中文学习者,"政府原来不理公民的看法,政治方面的抗议之后,领导人就发起改革.","政府原来不理会公民的看法,政治方面的抗议之后,领导人就发起了改革."
中文学习者,"虽然我只会说几句中文句话而已,这是过去连想都没敢想的事.","虽然我只会说几句中文句话而已,但这是过去连想都没敢想的事."
中文学习者,"在悉尼大学,身在何方你都可以看见不在少数的民族,对文化交流真有好处.","在悉尼大学的任何地方你都可以看见很多民族,对文化交流很有好处."
中文学习者,特别对听力很有自信，但是看中国电视节目时发生很大的问题。,特别是对听力很有自信，但是看中国电视节目时有很大的问题。
中文学习者,我想读好的书，特别帮助我的生词水平。,我想读好书，帮助提高我的生词水平。
中文学习者,客人想吃没流动的寿司，曾经客人要直接点在近的服务员。,以前客人想吃寿司时，客人要直接向最的服务员点。
中文学习者,我很多地方把软线几次抽出插入。,我把很多地方网线几次抽出插入。
中文学习者,我想办法把光线的软线抽出插入好了。,我想办法把光线的网线插入好了。
中文学习者,“哎呀～，不是只不能上课，电话也不能使用了”,“哎呀，不只不能上课，电话也不能使用了”。
中文学习者,好像他们考察我们的集中力。,好像他们考察我们的注意力。
中文学习者,他们问我们“你们现在把自己比喻成在超市的某种商品，然后说明为什幺选了那个商品”,他们问我们：“你们现在把自己比喻成在超市的某种商品，然后说明为什么选了那个商品。”
中文学习者,如果工作一个月后，预定领1000元，但是实际领800元的话，相当着慌吧。,如果工作一个月后，预定领1000元，但是实际领800元的话，相当慌吧。
中文学习者,当然我知道这个原因是不足努力。,当然我知道这个原因是努力不足。
中文学习者,心里一定咕噜”今天不想去工作”。,心里一定咕噜：”今天不想去工作”。
中文学习者,他们的特色是-不能和别人沟通、交流。,他们的特色是：不能和别人沟通、交流。
中文学习者,他们之中真是精神上有毛病。,他们之中有些真是精神上有毛病。
中文学习者,我没有同屋所以我的房间为学习是一个方便的地方。,我没有同屋所以我的房间是一个方便学习的地方。
中文学习者,我现在要试图用每一个。,我现在要尝试使用每一个学过的词汇。
中文学习者,我也认真考虑过「反正学习汉语，能不能用汉语工作呢？」,我也认真考虑过：反正学习汉语，能不能用汉语工作呢？
中文学习者,听说kids-cafe做是为了孩子和家人。,听说做kids-cafe是为了孩子和家人。
中文学习者,"所以妈妈陪她的孩子来kids-cafe,孩子玩儿的时候,孩子的妈妈在这儿见朋友,休息一会儿,看书等等.","所以妈妈带着她的孩子来kids-cafe,孩子玩的时候,孩子的妈妈在这见朋友,休息一会,看书等等."
中文学习者,如果那件事真话的话，我可以饶恕小新的陶器。,如果那件事真实的话，我可以理解小新的淘气。
中文学习者,那么简单单词怎么完了。,那么简单的单词怎么忘了。
中文学习者,因为男的理发师对一位女人一直说话洗发露的问题。,因为男理发师对一位女人一直在讨论关于洗发露的问题。
中文学习者,上课以后我跟她通常去吃午饭，有很好玩。,上完课以后我经常跟她去吃午饭。
中文学习者,说不定韩国队赢了，不过要是我能看有趣的比赛，是满足。,说不定韩国队能赢，不过要是我能看到有趣的比赛，我就满足了。
中文学习者,在那里有一位我中国朋友的先辈.,在那里有一位我中国朋友的前辈。
中文学习者,我今天挑战把照片记载这日记。,我今天要挑战把照片记载在这篇日记里。
中文学习者,今天早上我起床以后我感想我的时间在这儿。,今天早上起床以后我就在想我的时间都在这儿。
中文学习者,他对我累地说”在公司时候很无聊，认真地想要下班”,他很累地对我说：”在公司的时候很无聊，迫切地想要下班。”
中文学习者,婚活是大概两年前被某人做出来的词语，表示人们为了找到很好的结婚对象一直努力的情况，现在比以前，更多人努力，还人们更加努力，所以这个词语出现了。,婚活是大概两年前被某人造出来的词语，表示人们为了找到很好的结婚对象一直努力的情况，现在比以前有更多人努力，而且人们更加努力，所以这个词语出现了。
中文学习者,到底我去年去玉渊潭公园看樱花了。,但是我去年还是去玉渊潭公园看樱花了。
中文学习者,最近我深深地感受到人生确实正进步。,最近我深深地感受到人生确实是在进步的。
中文学习者,我看她们认真地工作的样子有时候觉得不好意思，只有我一个人没有神情压力。,我有时候看她们认真工作的样子会觉得不好意思，因为只有我一个人没有精神压力。
中文学习者,今天课我学习中国的酒文化.,我今天上课学习了中国的酒文化。
中文学习者,"中国人点了很多菜,不过吃了几口,不停地喝酒.",中国人点了很多菜，只但是吃了几口，一直不停地喝酒。
中文学习者,读着书的时候发现还没学的汉子我不由得胡思乱想。,读着书的时候，发现还没学的汉字我就不由得胡思乱想。
中文学习者,我自己想一想汉字的来历和古老的故事。,我自己想一想汉字的来历和古老的故事。
中文学习者,正上课的时候，老师说，到今天报名就业营。,正上课的时候，老师说，今天就业营报名。
中文学习者,不久风子太大了，大雄妈妈很生气，说“就马上扔掉啊”,不久，风子长得太大了，大雄妈妈很生气，就说：“要马上扔掉啊。”
中文学习者,比如，我跟惠民聊了3个小时，我们上周也见过，那时候也聊了长时间，我们已经说了很多话，可是还是想说的话太多了。,比如，我跟惠民聊了3个小时，我们上周也见过，那时候也聊了很长时间，我们已经说了很多，可是想说的话还有很多。
中文学习者,可是，那时候我看其他小说着迷了，所以虽然我拿到《暗算》原著，不过没有注意而把它搁放了书架里。,可是，那时候我看其他小说入迷了，所以我虽然拿到了《暗算》原著，但是没有关注而是把它搁在了书架里。
中文学习者,因为，从6:00ａｍ我有功课。,因为，上午6:00我有功课。
中文学习者,她出生的时候，她的脚已经肥大2倍。,她出生的时候，她的脚已经肥大到了2倍。
中文学习者,它说有意思的消息，所以以下我想介绍它。,它说了一个有意思的消息，所以接下来我想介绍它。
中文学习者,第二个是，如果她经常摸着自己耳垂，她会感觉紧张。,第二个是，如果她经常摸着自己耳垂，她感觉到紧张。
中文学习者,而且，虽然我的日本朋友说错的声调，我可以听得懂，至少可以预测他想说什么，而中国人真不知道他说什么．很奇怪．！,而且，虽然我的日本朋友说了错的声调，但我可以听得懂，至少可以预测他想说什么，而对于中国人我真不知道他说什么，很奇怪！
中文学习者,这个星期的时间过的很愉快因为虽然学中文需要很多时间但是我觉得这样花时间没有什么压力。,这个星期过得很愉快，因为虽然学中文需要很多时间，但是我觉得这样花时间没有什么压力。
中文学习者,那是从我住的东京３５０公里的大城市。,那是距离我居住的东京３５０公里的大城市。
中文学习者,我继续加油的!我一定要当空姐的!,我会继续加油的!我一定要当空姐!
中文学习者,虽然用汉语写日记太难，可是每天对我的汉语能力有用。,虽然用汉语写日记太难，但是对我的汉语能力提升有帮助。
中文学习者,经朋友老卓介绍，今天正式登上l这个网站，开始新一轮的语言学习。,经朋友老卓介绍，今天正式登上了这个网站，开始新一轮的语言学习。
中文学习者,天皇，皇后，皇族人与十位的一般人以“生”为题都写了“短歌”。,天皇、皇后、皇族人和十位一般入选人士都以“生”为主题写了“短歌”。
中文学习者,我想呵你一会儿都先生去玩啊。,乌龟说：“我想你一会儿就飞上天去玩啊。
中文学习者,晚上老鹰准备毫厘篮子，路上吃的东西。,晚上，老鹰准备了一篮子食物，路上吃的东西。
中文学习者,之前，韩国冬天在家的时候，每个房间都铺设地暖设备，人们不用怕再寒冷的气候。,之前在韩国，冬天的时候，每个房间都铺设有地暖设备，人们不用再怕寒冷的气候。
中文学习者,虽然现在不能解决这个问题，但我相信，不久的那天明白了,虽然现在不能解决这个问题，但我相信，不久的将来，总会明白的。
中文学习者,我注重女性的温柔体贴，内们的美丽，还有容貌,我关注女性的温柔体贴，内心的善良，还有好的容貌。
中文学习者,我婆家是庄家，结婚以后我每次去婆家地时候看他们辛辛苦苦地干农活，才知道了城里人能够很方便，很舒服地买农作物是应该向农夫感谢的事情。,我婆家是庄稼人，结婚以后我每次去婆家的时候看他们辛辛苦苦地干农活，才知道了城里人能够很方便、很舒服地买农作物应该向农夫表达感谢。
中文学习者,然后，把胸部听诊了，而且X射线了。,然后，胸部听诊，而且照了片子。
中文学习者,我的孩子们真的很相好，平时寸步不离地一块儿玩，叽叽嘎嘎地聊聊天，也有时会吵架。,我的孩子们真的相处得很好，平时形影不离地一块儿玩，叽叽喳喳地聊聊天，也有时会吵架。
中文学习者,首先由似患妄想狂的‘我’，这个人物我觉得很现实的却他的想法都让我特别不舒服。,首先似患妄想狂的‘我’，这个人物让我觉得很真实却他的想法都让我感觉特别不舒服。
中文学习者,商业追求的是“效率化”，这是恰恰相反人的幸福。,商业追求的是效率化，这恰恰是和人的幸福相反的。
中文学习者,我最近在一家越过饭店吃饭的时，注意到了厨师和服务员是用汉语谈话。,我最近在一家越南饭店吃饭的时候，注意到了厨师和服务员是用汉语谈话的。
中文学习者,日本人一般来说，我们常常用婉转的说话。,一般来说，我们日本人常常用婉转的语言。
中文学习者,客人可以什么时候坐和离席，因为有巴士的出发的时间。,客人可以任何时候入座和离席，因为有巴士的出发的时间。
中文学习者,我暂时听茶的说明，会试试喝茶。,我暂时听着茶的说明，试了试喝茶。
中文学习者,3个小时左右在这里过了。,在这里过了3个小时左右。
中文学习者,门口前面有菜单，有点贵，火锅关联的菜比较多。,门口前面有菜单，有点贵，火锅菜比较多。
中文学习者,但再去刚才的大楼的地下，就知道这家店关闭着，因为应该黄金周。,但再去刚才的大楼的地下，就看见这家店关闭着，因为黄金周。
中文学习者,虽然早上氢气好，但是上午下雨的天很多。,虽然早上空气好，但是上午下雨的天数很多。
中文学习者,走天晚上，我和中国人的新朋友见面。,昨天晚上，我和新的中国人朋友见面。
中文学习者,但是，雨量变得更大以前，我会回家了。,但是，雨量变得更大以前，我就回家了。
中文学习者,好几次试试了，不过每次这样。,试了好几次，不过每次都这样。
中文学习者,酒保看到我们的样子过来对我说；“在这一带最一调情者的男把追女。”,酒保看到我们的样子过来对我说；“在这一带很多男调情者追女性。”
中文学习者,"他因为今年60岁了所以要退休现在的大学了,4月以后在别的私立大学继续教汉语。","他因为今年60岁了所以要从现在的大学退休了,4月以后在别的私立大学继续教汉语。"
中文学习者,此本书的题目是＜文章力の基本＞，被日语写的。,此本书的题目是《文章力の基本》，用日语写的。
中文学习者,我用此本书提高日语的质量吧。,我用此本书提高日语的水平吧。
中文学习者,不过癌是手术以后管理好的病。,不过癌是手术以后需要好好调理的病。
中文学习者,下课后女儿跟我说她要继续学习游泳，等老公晚上回家跟他商量一下，咱们决定了让女儿去游泳学校每周一天。,下课后女儿跟我说她要继续学习游泳，等老公晚上回家我跟他商量了一下，咱们决定让女儿每周去游泳学校一天。
中文学习者,到现在我上班时候没拿去盒饭，不过现在大体上那去盒饭。,我上班到现在没去拿盒饭，不过现在去拿盒饭。
中文学习者,我小心浪费，从现在越来越加油吧！,我小心浪费，从现在开始加油吧！
中文学习者,因为京都太有名，所以奈良的印象比较淡薄。,因为京都太有名，所以人们对奈良的印象比较淡薄。
中文学习者,第二，吉华滑雪场人很少，不要等坐吊椅的时间，很舒适。,第二，吉华滑雪场人很少，不用等坐吊椅的时间，很舒适。
中文学习者,"一般,我称呼对方时,用先生,或者小姐,或者直接叫对方的姓,名字.",一般情况下，我在称呼对方时会用先生或者小姐，或者直接叫对方的名字。
中文学习者,但是那个书架里已经满满很多书。,但是书架里已经摆满了书。
中文学习者,当时，我不明白我父亲的想法，很讨厌爸爸了。,当时，我不明白我父亲的想法，很讨厌爸爸。
中文学习者,那时，我第一次看过我爸爸哭的，我不知道为什么忽然给爸爸埋怨地说：“这病房里只有你一个人吗？,那时，我第一次看过我爸爸哭的，我不知道为什么忽然对爸爸埋怨地说：“这病房里只有你一个人吗？
中文学习者,他们都比我老，也他们开玩笑我了。,他们都比我老，也拿我开玩笑了。
中文学习者,现在我在大学学习，我有业余的时候我还上象棋。,现在我在大学学习，我有业余的时候我还上象棋课。
中文学习者,今天早上卫生纸把我的无名指切得一点儿了。,今天早上用卫生纸把我的无名指切得地方包一点儿了。
中文学习者,"我带在马来西亚回来的时候我非常麻烦您们了,谢谢您.","我在马来西亚的时候麻烦你们了,谢谢你们！"
中文学习者,它推荐一个英文报纸叫周刊ST.听说它卖好。,文章中推荐了一份英文报纸叫《周刊ST》，听说它卖得好。
中文学习者,所以，我天订被推荐的英文报纸。,于是，我决定订阅这份被杂志推荐的英文报纸。
中文学习者,我从十一点到六点逛街但是找到了很多给家里漂亮的礼物。,我从十一点一直逛街逛到下午六点，然后买到了很多给家人的漂亮的礼物。
中文学习者,今天早上我不知不觉就很想听一首歌，这首歌是我前几个礼拜才刚听得歌就是周杰伦的心雨。,今天早上我不知不觉地很想听一首歌，这首歌是我前几个礼拜才听过的歌，就是周杰伦的《心雨》。
中文学习者,电话之后，我的新上司对我讲，如果你有什么问题，可以跟对方的董事长用日语说说。,电话结束之后，我的新上司对我讲，如果你有什么问题，可以用日语跟对方的董事长说说。
中文学习者,到了23楼，太阳塞得很暖和吹风得很凉快感觉很刷！,到了23楼，太阳晒得很暖和，风吹得很凉快，感觉很爽！
中文学习者,我非常喜欢打台球爱好之中第一！,我非常喜欢打台球，它在我所有爱好中排第一！
中文学习者,可是这一年一点没有联系非常可惜啊！,可是这一年一点都没有练习，非常可惜啊！
中文学习者,我在日本的时候，我们日本人朋友说《你想吃什么？》,我在日本的时候，我们日本人朋友说：“你想吃什么？”
中文学习者,"下个星期还有别的,,,天哪.",下个星期还有别的考试，天哪！
中文学习者,"我希望你,正在读我乱乱写的字,可以跟我做个好朋友。",我希望你正在读我乱写的字，并且可以跟我做好朋友。
中文学习者,"我是从新加坡来的,是华人,但是我比较喜欢用英语讲话,没有练习华文,",我是从新加坡来的华人，但是我比较喜欢用英语讲话，没有练习过中文。
中文学习者,"如果你要叫我,就是太好了哇!",如果你要是教我，那就太好了哇！
中文学习者,因为我每周一次练习太极拳，所以我希望参加8月8号的在北京体育馆周围的太极拳。,因为我每周都要练习一次太极拳，所以我希望我能参加8月8号在北京体育馆周围举办的太极拳活动。
中文学习者,今天本来11点半开始会议，但是社长突然改变了主意，变了从12点开始，但是结果12点半开始会议了。,今天本来预计11点半开始会议，但是社长突然改变了主意，变成从12点开始，结果等到12点半会议才开始。
中文学习者,我一个月开始照了午餐的照片。,我这个月来陆续照了很多午餐的照片。
